sepal length (cm),sepal width (cm),petal length (cm),petal width (cm),class
5.13,3.49,1.63,0.22,0
5.07,3.56,1.73,0.16,0
5.16,3.03,1.61,0.44,0
5.31,2.9,1.42,0.35,0
5.12,3.38,1.52,0.44,0
5.23,3.46,1.16,0.17,0
5.4,3.88,1.54,0.29,0
4.97,2.94,1.76,0.2,0
4.95,3.52,1.59,0.35,0
5.25,3.43,1.51,0.27,0
5.2,3.11,1.58,0.19,0
4.21,3.82,1.35,0.29,0
5.69,3.4,1.74,0.2,0
5.08,3.21,1.09,0.14,0
4.58,3.41,1.46,0.49,0
5.1,3.27,1.43,0.34,0
5.05,3.15,1.46,0.1,0
5.47,3.89,1.46,0.33,0
5.04,2.81,1.51,0.25,0
5.02,2.84,1.27,0.14,0
5.15,3.35,1.65,0.07,0
4.65,3.84,1.46,0.33,0
4.96,3.62,1.58,0.21,0
5.03,3.51,1.58,0.3,0
5.27,2.4,1.44,0.23,0
5.42,2.97,1.37,0.16,0
4.96,3.2,1.25,0.34,0
4.98,3.13,1.43,0.32,0
5.23,3.8,1.31,0.2,0
4.92,3.69,1.52,0.14,0
5.14,2.59,1.27,0.16,0
4.6,2.49,1.51,0.32,0
5.02,3.31,1.45,0.31,0
5.64,3.74,1.46,-0.01,0
4.73,3.26,1.55,0.26,0
5.39,4.09,1.42,0.23,0
4.69,3.29,1.31,0.12,0
5.36,3.04,1.34,0.23,0
4.45,3.43,1.51,0.38,0
5.08,3.57,1.43,0.3,0
4.98,3.4,1.38,0.08,0
5.24,2.49,1.41,0.16,0
5.53,4.23,1.4,0.2,0
5.65,3.28,1.51,0.35,0
4.46,3.55,1.56,0.15,0
5.22,3.24,1.88,0.33,0
5.01,3.85,1.33,0.33,0
4.99,3.72,1.67,0.24,0
5.43,3.31,1.43,0.23,0
4.67,2.91,1.71,0.13,0
4.82,2.6,1.3,0.24,0
5.14,4.2,1.27,0.11,0
5.15,3.75,1.46,0.26,0
4.9,4.3,1.58,0.33,0
4.88,3.61,1.52,0.28,0
5.03,3.78,1.45,0.45,0
4.96,3.95,1.5,0.23,0
5.4,3.82,1.28,0.11,0
5.52,3.38,1.23,0.32,0
4.93,3.05,1.73,0.35,0
5.23,3.5,1.67,0.34,0
4.75,3.22,1.41,0.36,0
4.42,3.58,1.52,0.18,0
4.88,4.22,1.66,0.22,0
5.06,3.16,1.32,0.02,0
4.6,3.66,1.37,0.29,0
5.18,4.11,1.47,0.25,0
4.81,3.66,1.65,0.16,0
5.26,3.58,1.54,0.32,0
4.83,3.54,1.58,0.33,0
4.45,3.22,1.32,0.11,0
5.31,3.52,1.51,0.5,0
5.21,3.11,1.34,0.17,0
5.29,4.04,1.5,0.24,0
4.8,3.39,1.42,0.45,0
4.99,3.12,1.6,0.27,0
5.26,3.99,1.64,0.15,0
4.51,3.11,1.51,0.28,0
4.92,3.74,1.35,0.25,0
4.81,3.61,1.55,0.18,0
4.96,3.13,1.46,0.25,0
4.61,3.73,1.28,0.22,0
5.14,3.32,1.18,0.19,0
4.78,3.12,1.28,0.2,0
5.56,3.94,1.3,0.16,0
4.77,3.37,1.37,0.35,0
4.76,3.64,1.41,0.28,0
4.98,3.5,1.53,0.14,0
5.17,3.39,1.38,0.31,0
4.95,3.21,1.31,0.07,0
4.85,3.25,1.76,0.22,0
5.29,3.54,1.45,0.42,0
5.02,3.25,1.38,0.48,0
4.41,3.32,1.49,0.14,0
5.14,3.18,1.33,0.23,0
5.02,3.21,1.47,0.24,0
5.39,3.03,1.24,0.31,0
4.98,3.37,1.64,0.05,0
4.75,3.5,1.2,0.31,0
4.81,3.19,1.49,0.11,0
5.06,3.72,1.44,0.2,0
4.55,3.63,1.62,0.27,0
5.01,2.79,1.54,0.36,0
4.77,3.17,1.38,0.23,0
4.96,3.66,1.45,0.47,0
4.94,3.25,1.41,0.15,0
5.55,3.31,1.42,0.19,0
4.96,2.66,1.76,0.02,0
5.17,3.68,1.61,0.3,0
5.19,3.57,1.47,0.41,0
3.76,3.2,1.52,0.14,0
4.89,3.03,1.46,0.24,0
4.71,3.11,1.4,0.21,0
4.75,3.43,1.53,0.27,0
5.0,3.51,1.47,0.24,0
4.86,3.45,1.77,0.29,0
4.92,3.25,1.57,0.23,0
4.63,2.94,1.27,0.24,0
4.7,3.14,1.69,0.31,0
5.53,3.75,1.36,0.35,0
5.24,3.31,1.34,0.35,0
4.88,3.89,1.54,0.01,0
5.3,3.46,1.15,0.23,0
5.15,3.13,1.46,0.27,0
5.01,3.34,1.33,0.29,0
4.86,3.26,1.78,0.23,0
5.44,3.07,1.14,0.26,0
5.15,3.25,1.55,0.53,0
4.95,3.31,1.55,0.25,0
4.72,2.81,1.37,0.15,0
4.98,3.53,1.45,0.15,0
5.29,3.07,1.14,0.28,0
5.13,3.07,1.53,0.17,0
4.7,3.64,1.51,0.45,0
5.56,3.6,1.46,0.24,0
5.8,2.81,1.29,0.39,0
5.36,2.75,1.43,0.29,0
5.01,2.82,1.33,0.24,0
4.91,4.03,1.77,0.37,0
4.96,4.02,1.6,0.38,0
4.87,3.74,1.66,0.27,0
4.56,2.75,1.58,0.15,0
4.69,3.45,1.54,0.38,0
4.98,3.09,1.53,0.37,0
5.63,3.64,1.64,0.1,0
5.21,3.49,1.61,0.22,0
4.95,3.47,1.37,0.28,0
5.11,3.4,1.6,0.23,0
4.89,3.27,1.31,0.31,0
5.01,3.46,1.42,0.1,0
4.68,3.8,1.23,0.23,0
5.11,3.31,1.4,0.35,0
4.96,3.62,1.5,0.15,0
5.07,3.82,1.41,0.44,0
4.96,3.4,1.54,0.02,0
5.08,2.89,1.29,0.29,0
5.49,3.4,1.38,0.3,0
4.75,3.79,1.2,0.16,0
5.27,3.24,1.33,0.3,0
4.87,3.37,1.35,0.26,0
5.28,3.64,1.49,0.4,0
4.89,3.39,1.45,0.16,0
4.67,3.35,1.3,0.11,0
5.05,3.51,1.49,0.25,0
4.94,3.8,1.51,0.28,0
4.81,3.9,1.07,0.21,0
4.58,3.68,1.51,0.39,0
5.09,3.23,1.39,0.35,0
4.43,3.55,1.73,0.11,0
4.6,3.54,1.61,0.42,0
5.16,3.22,1.27,0.2,0
5.24,2.85,1.62,0.36,0
4.94,2.85,1.56,0.31,0
5.94,3.28,1.21,0.25,0
5.17,3.52,1.36,0.17,0
5.06,2.58,1.43,0.06,0
4.79,3.36,1.66,0.26,0
5.25,3.54,1.55,0.33,0
4.8,3.34,1.44,0.27,0
4.62,3.36,1.2,0.18,0
5.23,3.39,1.64,0.21,0
4.77,3.66,1.57,0.22,0
4.83,3.63,1.32,0.23,0
5.18,2.98,1.8,0.17,0
4.62,3.67,1.95,0.13,0
5.59,3.62,1.51,0.2,0
4.64,3.15,1.65,0.25,0
5.05,3.62,1.35,0.33,0
4.92,3.43,1.42,0.12,0
4.66,3.58,1.38,0.17,0
5.14,3.57,1.27,0.39,0
4.92,3.68,1.18,0.21,0
5.14,3.38,1.23,0.33,0
4.37,3.59,1.31,0.37,0
5.11,3.36,1.55,0.12,0
5.3,3.34,1.46,0.13,0
5.34,3.03,1.12,0.32,0
5.71,3.26,1.26,0.32,0
5.18,3.39,1.43,0.22,0
5.03,3.78,1.42,0.38,0
5.48,3.47,1.56,0.31,0
4.85,2.98,1.56,0.27,0
4.62,3.68,1.36,0.11,0
4.8,3.72,1.29,0.34,0
5.15,3.5,1.57,0.14,0
5.18,3.53,1.58,0.41,0
5.36,3.53,1.67,0.22,0
5.31,3.84,1.4,0.25,0
4.71,2.79,1.31,0.25,0
5.24,3.79,1.46,0.31,0
4.71,3.99,1.31,0.33,0
5.24,2.75,1.48,0.4,0
4.96,3.69,1.37,0.24,0
4.89,4.09,1.31,0.24,0
5.29,3.31,1.14,0.22,0
4.6,3.47,1.68,0.18,0
4.98,3.17,1.56,0.25,0
4.39,3.23,1.49,0.25,0
5.26,3.5,1.52,0.19,0
4.65,3.7,1.43,0.19,0
4.64,3.45,1.25,0.01,0
5.28,3.51,1.54,0.32,0
5.3,3.52,1.01,0.09,0
4.85,3.6,1.68,0.18,0
5.23,3.64,1.52,0.42,0
4.96,3.2,1.77,0.28,0
5.24,3.27,1.64,0.28,0
4.74,3.52,1.62,0.28,0
5.07,3.62,1.42,0.25,0
4.86,3.84,1.2,0.3,0
4.98,4.32,1.39,0.24,0
4.77,3.64,1.6,0.19,0
5.14,4.08,1.34,0.13,0
4.7,3.39,1.26,0.32,0
4.83,3.41,1.63,0.35,0
5.35,3.05,1.53,0.06,0
4.35,3.15,1.52,0.28,0
4.63,3.79,1.35,0.23,0
4.77,3.42,1.42,0.22,0
4.96,3.44,1.29,0.16,0
5.3,3.66,1.33,0.12,0
5.08,3.76,1.47,0.3,0
5.97,3.28,1.37,0.48,0
5.26,3.14,1.51,0.15,0
4.49,3.87,1.41,0.04,0
5.62,3.2,1.46,0.01,0
4.8,3.37,1.5,0.32,0
5.18,3.3,1.44,0.2,0
4.29,3.61,1.34,0.13,0
5.44,3.65,1.25,0.28,0
4.39,3.34,1.68,0.16,0
4.75,3.12,1.32,0.37,0
5.37,3.47,1.69,0.2,0
5.66,3.71,1.47,0.27,0
5.0,3.08,1.45,0.27,0
4.66,3.96,1.51,0.24,0
5.13,4.3,1.77,0.27,0
5.0,2.82,1.28,0.49,0
4.21,3.71,1.55,0.1,0
4.62,3.36,1.66,0.22,0
5.32,3.64,1.21,0.12,0
4.7,3.53,1.11,0.09,0
4.06,3.7,1.37,0.38,0
4.46,3.75,1.46,0.36,0
4.29,3.04,1.63,0.35,0
5.02,3.2,1.28,0.24,0
4.85,3.42,1.19,0.38,0
4.63,3.47,1.32,0.21,0
4.85,3.39,1.87,0.27,0
5.02,3.12,1.61,0.39,0
5.03,2.85,1.38,0.24,0
5.12,3.42,1.48,0.25,0
4.87,3.48,1.48,0.08,0
4.85,4.23,1.51,0.21,0
5.25,3.78,1.18,0.24,0
5.02,3.45,1.34,0.32,0
4.69,2.99,1.59,0.19,0
4.65,3.78,1.68,0.24,0
5.86,3.23,1.65,0.25,0
4.76,3.5,1.31,0.31,0
5.19,3.3,1.37,0.2,0
5.37,3.95,1.48,0.31,0
5.03,3.63,1.56,0.24,0
4.85,2.31,1.46,0.27,0
5.05,4.03,1.78,0.34,0
5.15,3.41,1.54,0.4,0
5.15,3.91,1.37,0.32,0
5.06,3.0,1.38,0.32,0
5.23,3.68,1.38,0.23,0
4.7,3.13,1.32,0.23,0
4.93,3.24,1.28,0.09,0
4.95,2.82,1.48,0.36,0
5.36,3.39,0.96,0.32,0
5.11,3.61,1.58,0.14,0
5.33,3.89,1.63,0.3,0
4.82,3.62,1.42,0.27,0
5.49,3.59,1.01,0.3,0
5.5,3.37,1.6,0.16,0
4.91,3.75,1.47,0.28,0
5.19,3.45,1.59,0.2,0
4.6,3.0,1.24,0.39,0
4.99,2.87,1.84,0.18,0
4.42,3.13,1.72,0.29,0
4.98,3.63,1.41,0.04,0
4.87,3.42,1.67,0.14,0
5.37,3.27,1.34,0.28,0
4.87,3.23,1.5,0.36,0
4.71,3.26,1.11,0.32,0
4.88,3.61,1.35,0.29,0
5.5,3.51,1.96,0.26,0
5.18,3.5,1.37,0.34,0
4.95,2.97,1.37,0.2,0
4.77,4.57,1.17,0.26,0
5.71,3.93,1.44,0.34,0
4.79,3.71,1.52,0.14,0
5.39,3.76,1.74,0.28,0
5.19,3.88,1.75,0.15,0
4.97,3.14,1.78,0.34,0
5.0,2.82,1.35,0.14,0
4.64,3.07,1.48,0.23,0
5.1,3.46,1.55,0.13,0
5.09,3.32,1.82,0.34,0
5.38,3.27,1.71,0.26,0
5.24,3.85,1.13,0.55,0
5.41,3.17,1.51,0.31,0
5.08,3.08,1.02,-0.01,0
4.84,3.33,1.44,0.28,0
5.01,2.55,1.54,0.29,0
5.38,3.54,1.69,0.16,0
4.85,3.37,1.51,0.27,0
4.96,3.08,1.6,0.16,0
4.62,3.45,1.63,0.15,0
5.35,3.86,1.73,0.26,0
5.07,4.29,1.64,0.19,0
5.55,3.06,1.41,0.14,0
5.18,2.77,1.27,0.3,0
5.08,3.29,1.46,0.29,0
5.14,3.5,1.24,0.12,0
4.08,4.02,1.35,0.56,0
5.11,2.95,1.49,0.34,0
4.63,3.33,1.59,0.21,0
4.37,3.42,1.44,0.26,0
4.82,3.57,1.65,0.46,0
4.89,3.84,1.59,0.29,0
4.35,3.28,1.6,0.26,0
5.45,4.25,1.49,0.21,0
5.12,3.45,1.32,0.19,0
5.3,3.62,1.47,0.17,0
4.44,3.25,1.34,0.16,0
5.05,3.41,1.4,0.25,0
5.47,3.82,1.26,0.13,0
5.55,3.24,1.42,0.14,0
4.52,3.69,1.59,0.09,0
4.58,3.45,1.81,0.33,0
4.3,3.19,1.64,0.14,0
5.52,3.13,1.75,0.38,0
5.29,3.34,1.03,0.39,0
4.66,2.87,1.57,0.3,0
5.72,3.75,1.52,0.31,0
5.2,3.41,1.18,0.2,0
5.3,2.78,1.57,0.27,0
5.1,3.71,1.1,0.4,0
4.48,3.11,1.61,0.19,0
4.82,3.19,1.46,0.35,0
4.83,2.92,1.53,0.32,0
5.78,3.57,1.34,0.18,0
4.89,3.76,1.75,0.18,0
5.17,2.99,1.43,-0.02,0
5.46,3.65,1.33,0.2,0
5.11,2.97,1.21,0.23,0
5.04,3.23,1.39,0.33,0
4.43,3.68,1.16,0.21,0
5.1,2.28,1.19,0.38,0
5.0,2.85,1.1,0.34,0
4.68,3.9,1.04,0.08,0
5.38,3.39,1.5,0.33,0
5.06,3.77,1.39,0.17,0
4.78,3.35,1.83,0.23,0
5.17,3.48,1.62,0.32,0
4.97,3.14,1.61,0.27,0
5.33,3.97,1.42,0.23,0
5.38,3.49,1.32,0.23,0
5.14,3.12,1.7,0.31,0
5.08,3.53,1.44,0.36,0
4.83,3.1,1.32,0.16,0
4.68,3.39,1.53,0.22,0
4.82,3.37,1.2,0.28,0
5.09,3.7,1.51,0.26,0
4.83,2.92,1.61,0.3,0
5.07,3.78,1.75,0.29,0
4.65,3.13,1.47,0.23,0
5.18,3.42,1.33,0.22,0
5.08,3.72,1.48,0.28,0
4.92,2.88,1.38,0.21,0
4.74,3.56,1.54,-0.1,0
5.05,3.31,1.32,0.26,0
5.62,3.96,1.76,0.2,0
5.51,3.04,1.31,0.22,0
5.37,3.33,1.42,0.31,0
4.21,2.89,1.51,0.34,0
5.21,3.71,1.79,0.33,0
5.54,3.56,1.25,0.37,0
4.78,3.18,1.41,0.15,0
5.17,3.34,1.67,0.14,0
4.25,3.17,1.18,0.29,0
5.07,3.59,1.34,0.16,0
4.77,3.17,1.17,0.35,0
4.81,3.63,1.59,0.32,0
5.0,2.92,1.42,0.2,0
5.94,4.56,1.05,0.37,0
4.8,3.15,1.49,0.07,0
4.43,3.22,1.61,0.22,0
5.05,3.59,1.05,0.22,0
4.48,3.56,1.53,0.33,0
5.34,3.1,1.42,0.26,0
5.48,3.96,1.65,0.24,0
4.7,3.33,1.33,0.22,0
5.11,4.0,1.5,0.29,0
4.89,3.28,1.52,0.25,0
4.4,4.34,1.85,0.35,0
4.89,3.42,1.3,0.13,0
4.73,2.82,1.61,0.26,0
4.51,3.68,1.53,0.37,0
4.82,3.37,1.66,0.29,0
5.31,3.66,1.38,0.17,0
4.44,3.68,1.45,0.2,0
4.88,3.57,1.2,0.22,0
4.55,3.38,1.51,0.15,0
5.25,2.65,1.58,0.26,0
5.37,3.51,1.85,0.25,0
4.46,2.35,1.36,0.38,0
4.72,3.41,1.51,0.16,0
5.03,4.33,1.45,0.22,0
4.61,4.06,1.25,0.22,0
4.58,3.32,1.57,0.22,0
5.35,3.06,1.51,0.3,0
5.37,3.33,1.51,0.19,0
5.34,3.84,1.75,0.29,0
4.51,4.14,1.43,0.13,0
4.45,4.06,1.62,0.28,0
5.05,3.43,1.28,0.28,0
4.56,3.53,1.65,0.1,0
5.21,3.63,1.38,0.25,0
4.69,3.92,1.61,0.45,0
4.56,3.04,1.32,0.19,0
4.67,3.05,1.31,0.35,0
4.78,3.33,1.44,0.24,0
5.77,3.68,1.48,0.06,0
5.24,3.89,1.11,0.33,0
4.36,3.1,1.17,0.4,0
5.26,3.13,1.15,0.36,0
4.19,3.53,1.58,0.2,0
4.72,3.52,1.48,0.14,0
5.02,3.2,1.39,0.25,0
5.09,3.47,1.56,0.29,0
4.99,3.57,1.66,0.08,0
5.12,3.27,1.48,0.12,0
5.04,2.96,1.43,0.2,0
4.82,4.4,1.89,0.11,0
4.95,3.21,1.42,0.28,0
4.99,3.9,1.74,0.34,0
5.53,3.31,1.34,0.23,0
5.22,3.49,1.38,0.14,0
4.55,3.03,1.56,0.05,0
5.3,3.87,1.52,0.14,0
4.74,3.02,1.33,0.2,0
5.1,3.23,1.34,0.44,0
5.35,3.14,1.47,0.23,0
5.43,3.09,1.72,0.41,0
4.41,2.85,1.18,0.43,0
4.59,3.9,1.39,0.22,0
4.9,2.93,1.61,0.33,0
4.92,3.38,1.19,0.2,0
4.8,3.0,1.6,0.14,0
5.63,4.3,1.18,0.24,0
5.13,3.83,1.43,0.19,0
5.09,3.94,1.59,0.14,0
4.95,3.05,1.48,0.29,0
4.97,3.29,1.44,0.28,0
5.23,2.99,1.4,0.41,0
4.56,3.07,1.41,0.2,0
5.35,3.96,1.39,0.22,0
4.99,4.28,1.79,0.22,0
5.12,3.79,1.25,0.41,0
4.85,2.95,1.17,0.32,0
5.15,3.77,1.5,0.34,0
4.89,3.36,1.12,0.31,0
4.78,3.2,1.54,0.23,0
5.08,2.75,1.13,0.25,0
4.56,3.5,1.65,0.09,0
4.86,3.52,1.64,0.28,0
4.41,3.14,1.71,0.34,0
5.77,3.94,1.44,0.19,0
4.85,3.33,1.5,-0.03,0
5.43,3.53,1.18,0.31,0
5.05,4.06,1.44,0.19,0
5.34,2.78,1.56,0.14,0
4.78,2.64,1.61,0.37,0
4.6,3.33,1.26,0.29,0
4.98,3.75,1.26,0.38,0
4.9,3.25,1.39,0.14,0
5.26,3.07,1.27,0.33,0
4.89,3.5,1.54,0.15,0
4.99,3.34,1.64,0.36,0
4.88,3.57,1.44,0.25,0
5.08,3.72,1.51,0.39,0
4.99,3.65,1.52,0.31,0
5.08,3.41,1.62,0.14,0
4.53,3.33,1.46,0.37,0
4.77,4.07,1.5,0.28,0
4.99,3.3,1.44,0.27,0
4.94,3.38,1.54,0.03,0
4.74,3.15,1.33,0.16,0
4.88,3.25,1.77,0.25,0
4.77,3.84,1.39,0.2,0
4.91,3.83,1.58,0.34,0
5.33,3.69,1.41,0.12,0
5.41,3.21,1.45,0.21,0
5.0,3.05,1.6,0.19,0
5.16,3.31,1.71,0.19,0
5.2,4.34,1.58,0.31,0
4.95,3.34,1.52,0.42,0
4.98,3.43,1.59,0.35,0
4.98,3.87,1.48,0.33,0
5.7,3.77,1.65,0.1,0
5.39,3.04,1.71,0.17,0
4.99,3.51,1.49,0.2,0
5.06,3.64,1.55,0.2,0
5.58,2.85,1.52,0.24,0
5.48,3.87,1.65,0.09,0
4.87,3.06,1.57,0.26,0
4.16,3.72,1.24,0.18,0
4.37,3.51,1.39,0.16,0
5.37,3.42,1.52,0.37,0
5.32,3.67,1.71,0.21,0
4.93,3.7,1.47,0.21,0
5.4,3.34,1.38,0.24,0
5.58,3.3,1.44,0.29,0
4.71,3.86,1.31,0.17,0
4.86,3.25,1.64,0.19,0
5.2,3.17,0.98,0.45,0
5.07,3.39,1.46,0.32,0
4.15,4.03,1.79,0.3,0
5.15,3.76,1.25,0.17,0
5.21,2.92,1.61,0.3,0
4.94,3.16,1.29,0.25,0
5.13,3.58,1.38,0.12,0
5.42,3.36,1.59,0.31,0
5.11,3.37,1.31,0.24,0
5.68,4.01,1.28,0.26,0
5.63,3.39,1.59,0.37,0
4.72,2.99,1.55,0.26,0
5.48,3.35,1.53,0.41,0
4.07,3.7,1.16,0.23,0
5.25,3.08,1.67,0.42,0
4.6,4.16,1.65,0.49,0
5.1,3.47,1.44,0.11,0
5.59,3.12,1.62,0.1,0
5.25,3.26,1.65,0.44,0
4.69,3.78,1.49,0.2,0
5.02,3.75,1.69,0.13,0
4.57,2.69,1.44,0.25,0
5.09,3.29,1.53,0.15,0
4.21,3.57,1.53,0.23,0
4.34,3.55,1.45,0.27,0
4.8,3.49,1.58,0.35,0
5.65,3.4,1.18,0.22,0
4.89,3.27,1.51,0.33,0
5.09,3.8,1.46,0.32,0
4.52,3.07,1.35,0.26,0
4.92,3.85,1.5,0.2,0
5.58,3.18,1.35,0.16,0
4.88,3.79,1.23,0.14,0
5.37,3.98,1.73,0.2,0
5.25,3.23,1.72,0.22,0
5.15,3.79,1.55,0.13,0
4.9,3.78,1.41,0.23,0
5.7,3.29,1.33,0.49,0
5.1,4.03,1.21,0.14,0
5.01,3.97,1.38,0.12,0
5.19,3.76,1.63,0.05,0
5.03,3.33,1.34,0.38,0
5.19,4.23,1.5,0.14,0
4.52,3.3,1.71,0.37,0
5.29,3.78,1.64,0.18,0
4.94,2.92,1.32,0.29,0
5.22,3.51,1.41,0.31,0
4.48,4.06,1.49,0.18,0
4.29,3.41,1.56,0.37,0
5.14,3.45,1.38,0.34,0
5.0,3.71,1.54,0.33,0
5.27,2.91,1.51,0.29,0
4.91,3.78,1.48,0.06,0
5.45,3.22,1.58,0.41,0
4.48,4.02,1.36,0.28,0
4.78,3.88,1.77,0.2,0
5.49,3.42,1.85,0.13,0
5.73,3.4,1.51,0.26,0
4.84,3.26,1.49,0.49,0
4.9,3.78,1.37,0.1,0
4.6,3.06,1.22,0.26,0
5.0,3.14,1.32,0.56,0
4.97,2.86,1.52,0.14,0
4.75,3.92,1.54,0.34,0
4.25,3.59,1.39,0.17,0
4.82,3.64,1.53,0.18,0
5.06,3.6,1.52,0.16,0
5.24,3.67,1.58,0.15,0
5.24,3.71,1.61,0.25,0
4.91,3.29,1.47,0.16,0
4.85,4.11,1.19,0.25,0
5.05,4.07,1.54,0.12,0
4.66,4.1,1.35,0.27,0
5.04,2.75,1.66,0.16,0
5.06,2.84,1.3,0.26,0
4.83,3.73,1.14,0.17,0
5.53,3.64,0.99,0.35,0
5.31,3.19,1.63,0.28,0
4.86,3.53,1.67,0.15,0
5.16,3.43,1.37,0.21,0
4.85,3.09,1.7,0.37,0
4.57,3.79,1.0,0.52,0
4.91,3.31,1.35,0.3,0
5.02,3.0,1.49,0.29,0
4.84,2.38,1.48,0.21,0
5.3,3.4,1.25,0.25,0
5.13,3.71,1.39,0.25,0
4.57,3.21,1.65,0.33,0
5.2,3.87,1.46,0.33,0
5.34,3.3,1.09,0.2,0
5.13,3.42,1.64,0.31,0
4.73,3.84,1.68,0.33,0
4.94,3.3,1.34,-0.01,0
4.99,3.93,1.54,0.04,0
5.59,3.2,1.41,0.32,0
4.94,3.09,1.6,0.28,0
4.72,3.96,1.34,0.4,0
5.4,2.95,1.33,0.12,0
4.56,3.13,1.6,0.14,0
5.18,3.19,1.61,0.31,0
4.79,3.82,1.73,0.18,0
5.27,3.75,1.41,0.43,0
5.01,2.99,1.56,0.26,0
4.8,3.6,1.4,0.25,0
4.48,3.45,1.65,0.35,0
4.69,3.6,1.6,0.15,0
5.21,3.31,1.28,0.14,0
4.61,3.7,1.71,0.24,0
5.06,3.01,1.26,0.22,0
5.12,3.48,1.43,0.17,0
5.48,3.93,1.33,0.39,0
4.76,3.1,1.57,0.25,0
4.84,3.88,1.46,0.27,0
4.41,3.65,1.26,0.21,0
5.02,3.31,1.39,0.14,0
4.75,3.04,1.43,0.33,0
5.16,3.27,1.56,0.32,0
5.01,3.39,1.59,0.1,0
4.84,3.02,1.59,0.27,0
4.95,3.86,1.61,0.13,0
4.94,2.97,1.23,0.19,0
4.81,3.69,1.34,0.07,0
4.93,3.9,1.61,0.33,0
4.78,3.44,1.62,0.22,0
4.54,3.51,1.66,0.25,0
5.69,3.39,1.5,0.05,0
4.71,3.37,1.57,0.48,0
4.84,2.99,1.28,0.31,0
4.74,2.7,1.44,0.31,0
5.06,3.06,1.59,0.32,0
5.28,3.32,1.48,0.39,0
4.81,3.94,1.61,0.08,0
4.77,3.36,1.61,0.13,0
5.32,4.06,1.48,0.09,0
5.73,3.53,1.43,0.08,0
5.36,3.65,1.37,0.19,0
5.17,3.33,1.54,0.26,0
4.34,3.04,1.75,0.11,0
5.23,3.63,1.32,0.32,0
4.71,3.23,1.5,0.15,0
4.87,2.77,1.52,0.26,0
5.01,3.57,1.54,0.43,0
4.68,3.34,1.49,0.05,0
5.01,3.71,1.54,0.33,0
4.73,3.68,1.7,0.12,0
5.21,3.46,1.17,0.16,0
5.05,3.87,1.46,0.23,0
4.83,3.21,1.63,0.29,0
5.54,3.8,1.18,0.17,0
5.11,3.48,1.48,0.36,0
4.7,3.54,1.25,0.15,0
5.14,3.41,1.46,0.23,0
4.96,3.24,1.57,0.37,0
5.0,3.56,1.95,0.24,0
4.59,3.2,1.38,0.36,0
4.68,3.47,1.82,0.35,0
5.1,3.79,1.64,0.36,0
4.34,3.93,1.54,0.2,0
4.9,4.08,1.57,0.12,0
4.32,4.13,1.44,0.24,0
5.28,3.3,1.66,0.3,0
5.14,3.08,1.75,0.2,0
5.32,3.43,1.19,0.52,0
5.65,3.68,1.19,0.11,0
4.94,3.88,1.49,0.25,0
4.71,3.82,1.69,0.37,0
5.0,3.67,1.63,0.26,0
5.41,3.78,1.27,0.17,0
5.41,3.15,1.51,0.27,0
5.14,3.35,1.49,0.2,0
5.53,3.59,1.65,0.34,0
4.83,4.09,1.61,0.05,0
5.06,3.52,1.49,0.32,0
4.88,3.62,1.38,0.24,0
4.6,3.4,1.46,0.12,0
5.11,3.84,1.55,0.33,0
5.32,3.09,1.45,0.15,0
5.34,3.52,1.31,0.25,0
4.91,3.69,1.39,0.23,0
5.66,3.59,1.26,0.23,0
4.84,3.3,1.26,0.4,0
5.48,3.06,1.68,0.05,0
4.79,3.4,1.29,0.37,0
5.12,3.28,1.28,0.47,0
5.0,3.46,1.41,0.38,0
5.36,3.82,1.72,0.24,0
5.66,3.34,1.53,0.28,0
4.77,3.7,1.14,0.19,0
5.03,3.27,1.28,0.17,0
4.85,3.0,1.37,0.18,0
4.61,3.47,1.55,0.35,0
5.24,3.11,1.34,0.23,0
5.09,4.16,1.48,0.34,0
4.72,3.7,1.34,0.23,0
4.89,3.48,1.41,0.21,0
5.01,3.1,1.57,0.22,0
5.06,3.17,1.37,0.38,0
5.22,3.44,1.12,0.24,0
4.89,3.63,1.39,0.54,0
5.1,3.42,1.28,0.29,0
4.94,3.58,1.36,0.28,0
5.27,2.89,1.42,0.14,0
4.52,3.65,1.41,0.06,0
4.75,3.71,1.43,0.3,0
5.61,3.15,1.37,-0.01,0
4.68,2.83,1.28,0.23,0
5.45,3.34,1.38,0.32,0
4.9,3.49,1.54,0.19,0
4.18,4.12,1.31,0.26,0
5.43,2.74,1.49,0.21,0
4.93,2.95,1.22,0.26,0
4.93,3.32,1.58,0.12,0
4.42,3.72,1.37,0.23,0
5.08,3.08,1.55,0.17,0
5.43,3.58,1.2,0.15,0
4.8,3.61,1.33,0.29,0
5.32,3.47,1.25,0.13,0
5.32,3.45,1.36,0.27,0
5.11,3.06,1.42,0.24,0
5.33,3.31,1.37,0.2,0
4.79,3.69,1.46,0.16,0
5.19,3.08,1.55,0.0,0
4.69,2.73,1.5,0.25,0
5.41,3.5,1.39,0.32,0
4.85,3.87,1.27,0.18,0
5.32,3.29,1.59,0.32,0
4.47,3.75,1.62,0.02,0
4.65,3.12,1.46,0.27,0
4.3,4.3,1.45,0.29,0
5.5,4.07,1.31,0.4,0
5.47,3.81,1.61,0.23,0
4.74,3.65,1.43,0.13,0
5.04,3.61,1.29,0.33,0
4.56,3.6,1.56,0.26,0
4.53,3.38,1.4,0.21,0
4.85,4.05,1.39,0.21,0
5.45,3.56,1.45,0.28,0
5.29,3.12,1.65,0.26,0
4.41,2.88,1.35,0.14,0
5.13,3.54,1.43,0.38,0
4.41,2.8,1.27,0.03,0
4.92,3.05,1.68,0.21,0
4.97,2.93,1.54,0.17,0
4.88,3.19,1.68,0.37,0
5.4,3.05,1.64,0.12,0
4.93,3.36,1.51,0.26,0
5.01,3.89,1.58,0.33,0
5.13,3.38,1.47,0.17,0
4.96,4.57,1.45,0.21,0
5.01,3.78,1.27,0.26,0
4.82,3.64,1.19,0.25,0
5.34,3.56,1.1,0.2,0
5.13,3.77,1.43,0.16,0
4.75,3.54,1.32,0.24,0
5.5,3.26,1.24,0.05,0
4.95,3.95,1.51,0.32,0
5.46,3.71,1.67,0.34,0
4.49,3.5,1.6,0.34,0
5.45,3.68,1.65,0.18,0
4.73,3.95,1.15,0.25,0
5.21,3.28,1.46,0.3,0
5.36,3.75,1.81,0.13,0
4.86,3.97,1.61,0.22,0
4.78,3.41,1.56,0.2,0
4.83,3.3,1.58,0.28,0
5.61,2.84,1.58,0.12,0
4.78,3.55,1.58,0.49,0
5.03,3.74,1.48,0.07,0
4.63,3.14,1.53,0.39,0
4.74,3.92,1.88,0.06,0
5.56,3.58,1.29,0.32,0
4.79,3.18,1.57,0.34,0
5.0,3.67,1.59,0.42,0
5.02,3.34,1.09,0.07,0
4.55,3.9,1.64,0.21,0
4.96,3.48,1.59,0.47,0
4.64,2.53,1.94,0.32,0
5.55,2.93,1.51,0.17,0
5.32,3.55,1.32,0.22,0
4.54,3.58,1.7,0.21,0
5.59,3.15,1.51,0.39,0
5.07,3.2,1.19,0.29,0
4.98,3.52,1.51,0.1,0
5.3,3.32,1.37,0.26,0
4.61,3.23,1.76,0.22,0
5.62,3.89,1.16,0.24,0
4.58,3.67,1.29,0.21,0
5.16,3.26,1.46,0.33,0
4.83,3.42,1.47,0.27,0
5.55,3.86,1.71,0.27,0
4.94,4.04,1.59,0.2,0
4.91,3.53,1.56,0.16,0
4.29,3.64,1.56,0.16,0
4.74,3.85,1.63,0.2,0
5.21,3.52,1.24,0.2,0
4.63,2.53,1.54,0.2,0
4.78,2.87,1.3,0.33,0
4.91,3.79,1.09,0.11,0
4.29,2.72,1.49,0.45,0
5.04,3.31,1.46,0.46,0
5.29,3.37,1.39,0.36,0
4.31,3.36,1.45,0.16,0
4.68,3.13,1.32,0.09,0
4.09,3.66,1.58,0.24,0
5.03,3.32,1.67,0.29,0
5.32,3.33,1.47,0.45,0
5.18,3.68,1.31,0.41,0
4.75,3.77,1.3,0.27,0
4.97,3.52,1.47,0.1,0
5.65,3.53,1.42,0.3,0
5.23,3.28,1.58,0.32,0
4.73,3.45,1.29,0.21,0
4.72,3.82,1.62,0.28,0
4.71,2.75,1.49,0.28,0
5.06,4.33,1.49,0.14,0
5.01,3.0,1.43,0.1,0
5.32,3.92,1.41,0.36,0
4.87,3.12,1.75,0.27,0
4.29,3.77,1.5,0.21,0
5.24,3.86,1.38,0.36,0
4.91,3.51,1.13,0.29,0
4.75,3.56,1.21,0.37,0
5.04,3.32,1.65,0.4,0
5.01,3.08,1.63,0.23,0
5.13,4.03,1.58,0.27,0
5.71,2.72,1.51,0.16,0
5.0,4.47,1.37,0.25,0
4.95,2.8,1.35,0.28,0
5.22,3.26,1.36,0.16,0
5.03,4.03,1.44,0.39,0
5.22,3.06,1.25,0.42,0
4.43,3.3,1.72,0.28,0
5.08,3.36,1.39,0.15,0
5.15,2.96,2.08,0.31,0
4.84,3.43,1.54,0.33,0
4.47,3.68,1.4,0.19,0
4.29,3.29,1.51,0.13,0
4.72,3.76,1.17,0.13,0
4.45,2.22,1.64,0.34,0
5.08,2.68,1.6,0.28,0
4.6,3.49,1.47,0.29,0
5.12,3.62,1.28,0.15,0
4.76,3.13,1.48,0.21,0
5.4,3.51,1.41,0.33,0
5.19,3.29,1.41,0.28,0
4.78,3.27,1.86,0.15,0
4.79,3.38,1.67,0.14,0
4.38,4.11,1.31,0.4,0
5.38,3.43,1.44,0.34,0
5.18,3.41,1.31,0.29,0
5.56,3.17,1.46,0.37,0
5.11,3.85,1.53,0.19,0
5.06,3.09,1.72,0.13,0
4.44,3.21,1.3,0.31,0
5.15,2.91,1.67,0.22,0
5.02,3.32,1.41,0.35,0
5.06,3.65,1.43,0.33,0
5.0,3.51,1.35,0.61,0
5.23,3.41,1.83,0.06,0
4.42,3.83,1.34,0.34,0
5.28,3.43,1.26,0.15,0
5.0,3.3,1.39,0.28,0
5.26,3.3,1.2,0.18,0
4.68,3.16,1.47,0.1,0
4.99,3.27,1.44,0.19,0
5.12,2.85,1.36,0.36,0
5.44,3.06,1.32,0.33,0
4.59,3.45,1.64,0.27,0
4.75,3.1,1.65,0.31,0
5.49,3.12,1.37,0.21,0
4.65,3.06,1.32,0.26,0
4.26,3.72,1.4,0.26,0
4.65,3.1,1.52,0.22,0
4.51,3.38,1.26,0.19,0
4.65,3.17,1.59,0.22,0
4.22,3.59,1.26,0.3,0
5.08,3.59,1.71,0.19,0
5.74,3.37,1.35,0.02,0
4.77,3.85,1.5,0.13,0
4.62,4.27,1.01,0.23,0
4.89,3.41,1.5,0.2,0
5.53,3.87,1.37,0.42,0
4.65,3.44,1.56,0.25,0
4.37,3.37,1.56,0.22,0
5.14,3.29,1.33,0.26,0
4.86,3.45,1.33,0.45,0
4.84,3.56,1.72,0.28,0
4.56,2.82,1.25,0.27,0
5.15,2.83,1.52,0.1,0
5.34,3.39,1.3,0.42,0
5.31,4.03,1.65,0.14,0
5.24,3.55,1.22,0.53,0
5.14,3.39,1.49,0.32,0
4.55,3.38,1.35,0.31,0
5.68,3.06,1.16,0.29,0
5.24,2.98,1.53,0.11,0
4.59,3.43,1.41,0.45,0
4.82,3.4,1.6,0.2,0
4.66,3.77,1.11,0.14,0
5.36,2.94,1.6,0.5,0
4.69,3.4,1.3,0.36,0
4.86,2.98,1.39,0.24,0
4.95,3.52,1.4,0.08,0
5.53,3.27,1.64,0.25,0
4.8,2.93,1.59,-0.01,0
4.68,2.71,1.67,0.25,0
4.11,2.72,1.21,0.16,0
4.94,3.81,1.49,0.11,0
5.54,3.15,1.37,0.36,0
4.97,3.07,1.44,0.31,0
5.69,2.3,4.04,1.28,1
6.57,2.8,3.2,1.1,1
6.18,3.08,4.15,1.07,1
5.78,2.97,5.54,1.3,1
5.07,3.0,5.07,1.15,1
6.47,2.64,4.27,0.95,1
5.41,2.78,4.5,1.39,1
5.03,3.04,3.93,1.51,1
6.04,2.82,3.43,1.37,1
6.89,3.09,4.53,1.35,1
6.21,2.86,3.62,1.48,1
5.68,3.11,3.72,1.14,1
6.0,2.7,4.6,1.01,1
5.71,3.19,3.84,1.53,1
6.38,2.92,3.63,1.14,1
6.13,2.79,4.23,1.41,1
5.54,2.96,5.11,1.09,1
5.97,2.49,4.18,1.31,1
5.42,2.68,3.88,1.69,1
5.87,3.16,3.49,1.11,1
5.34,2.69,3.9,1.69,1
6.42,2.79,4.64,1.25,1
5.85,2.86,3.43,1.3,1
6.7,2.65,4.36,1.22,1
6.09,3.48,3.91,1.61,1
5.66,2.51,3.91,1.46,1
6.16,2.39,4.17,1.05,1
5.98,2.27,3.84,1.35,1
6.5,2.7,4.24,1.41,1
5.34,2.78,4.54,1.42,1
5.45,2.8,4.23,1.11,1
6.38,2.84,4.48,1.53,1
5.22,2.69,4.06,1.37,1
5.55,2.63,4.45,1.31,1
4.73,3.08,4.7,0.98,1
5.51,2.49,3.69,1.55,1
6.23,3.04,3.79,0.83,1
6.29,2.84,5.2,1.36,1
5.91,2.75,4.95,1.23,1
5.47,2.47,4.71,1.31,1
6.24,2.61,4.26,1.3,1
5.73,2.61,4.38,0.74,1
6.19,2.38,3.86,1.57,1
5.43,2.51,4.06,1.12,1
6.19,2.53,4.38,1.56,1
5.98,3.02,4.38,1.14,1
5.87,2.23,4.37,1.2,1
5.63,2.54,3.68,1.46,1
6.43,2.72,4.03,1.49,1
5.69,3.34,3.64,1.49,1
6.18,2.64,3.7,1.6,1
6.48,3.03,4.12,0.73,1
5.87,2.82,3.74,1.53,1
6.19,2.79,4.31,0.98,1
5.47,2.61,4.21,1.33,1
6.07,2.87,3.25,1.44,1
6.26,2.97,4.85,1.12,1
5.14,2.22,5.29,1.4,1
6.2,2.56,4.31,1.25,1
5.2,3.03,4.49,1.02,1
5.81,3.12,3.64,1.29,1
5.18,3.09,4.19,1.27,1
6.2,2.95,3.92,1.08,1
5.93,2.82,3.77,1.47,1
6.17,2.88,4.09,1.34,1
5.51,3.2,4.52,1.5,1
5.49,2.53,3.5,1.29,1
5.31,2.56,4.07,1.38,1
6.6,3.05,4.18,1.59,1
5.1,2.78,4.88,1.35,1
5.95,2.44,4.5,0.75,1
4.96,2.65,4.53,1.29,1
6.19,2.52,4.28,1.19,1
6.28,2.67,4.12,1.11,1
4.65,3.33,4.63,1.44,1
6.98,2.92,4.71,1.57,1
6.43,2.81,3.89,1.21,1
6.16,2.4,4.38,1.4,1
5.33,3.15,4.37,0.93,1
6.08,2.77,5.24,1.4,1
6.6,3.1,4.63,1.38,1
6.11,2.42,4.65,1.35,1
5.92,2.58,4.32,1.37,1
5.91,2.9,4.36,1.19,1
6.26,2.48,4.73,0.84,1
5.65,2.79,3.45,1.25,1
5.72,2.59,3.55,1.35,1
4.94,2.43,4.2,1.95,1
5.43,2.71,4.91,1.06,1
5.66,3.19,4.72,1.28,1
6.04,2.73,4.2,1.15,1
5.42,2.61,4.35,1.01,1
4.94,3.03,4.7,1.66,1
6.89,2.62,4.29,1.4,1
6.19,2.89,4.54,1.29,1
5.41,2.76,4.33,1.37,1
5.93,3.1,4.04,1.29,1
5.84,2.6,4.47,1.33,1
6.24,2.81,5.09,1.21,1
5.39,3.03,3.23,1.67,1
5.88,2.26,4.47,1.41,1
6.33,2.73,4.83,1.64,1
6.05,2.23,3.99,1.49,1
5.36,2.55,4.61,1.13,1
6.57,2.98,3.74,1.07,1
5.93,2.76,4.53,1.29,1
5.71,2.9,4.22,1.53,1
6.69,2.26,4.51,1.73,1
5.93,2.2,3.77,1.32,1
6.41,2.86,4.16,0.96,1
6.47,3.18,3.77,1.23,1
6.05,3.4,4.34,1.6,1
6.34,3.18,4.71,1.55,1
5.7,3.15,4.53,1.37,1
4.46,2.53,3.75,1.48,1
6.15,3.24,4.27,1.6,1
5.28,2.91,3.55,1.49,1
5.86,2.86,4.82,1.24,1
6.31,3.2,4.37,1.2,1
6.86,2.63,4.66,1.35,1
5.79,3.19,4.71,1.14,1
6.07,3.51,4.29,1.47,1
5.99,2.22,4.58,1.38,1
5.77,2.47,5.02,1.6,1
6.59,3.19,3.63,1.1,1
5.51,2.84,3.88,1.77,1
6.03,2.57,3.84,1.55,1
6.57,2.42,5.54,1.35,1
6.71,3.0,4.05,1.39,1
6.49,2.47,4.76,1.38,1
6.61,2.39,4.22,1.02,1
5.89,3.03,4.95,1.17,1
5.38,2.69,3.24,1.48,1
5.75,2.86,3.9,1.49,1
5.92,2.71,3.52,1.26,1
5.97,2.95,3.79,1.44,1
5.02,2.46,4.27,1.26,1
6.24,2.89,4.9,1.19,1
5.75,2.28,4.92,1.48,1
6.08,2.97,4.29,1.28,1
5.56,3.12,4.41,1.39,1
5.55,2.53,4.52,1.37,1
6.5,2.33,4.16,1.44,1
5.63,1.84,4.5,1.18,1
6.09,2.65,4.25,1.19,1
5.66,2.87,3.79,1.61,1
5.56,2.7,4.04,1.17,1
4.87,2.25,4.09,1.31,1
6.14,3.0,4.38,1.51,1
5.41,3.22,4.21,1.6,1
5.63,2.97,4.06,1.15,1
6.17,2.26,4.3,1.04,1
5.55,2.43,4.59,1.01,1
5.14,3.09,4.28,1.14,1
5.29,2.82,3.31,1.18,1
6.08,3.04,4.59,1.22,1
6.05,2.74,5.06,0.95,1
5.82,3.1,3.92,0.95,1
4.91,2.99,4.52,1.55,1
6.34,3.04,3.71,1.26,1
6.88,2.66,4.83,1.29,1
5.38,2.96,4.62,1.83,1
5.74,2.41,3.95,1.26,1
6.03,3.01,4.05,1.33,1
6.21,2.54,4.8,1.41,1
6.22,2.48,4.58,1.32,1
6.02,2.54,3.7,1.68,1
5.66,2.61,3.88,1.3,1
5.85,3.23,3.83,1.35,1
6.4,2.66,4.77,1.35,1
5.11,2.6,4.56,1.33,1
5.73,3.21,2.93,1.09,1
5.96,2.7,3.9,1.29,1
6.72,2.46,3.97,1.2,1
5.35,2.61,4.75,1.56,1
5.63,2.59,4.56,1.19,1
6.01,2.74,3.69,1.59,1
6.97,2.56,4.64,1.61,1
6.41,2.89,4.3,1.51,1
5.65,2.23,3.89,1.37,1
5.58,3.19,3.85,1.68,1
6.12,2.68,4.35,1.45,1
6.39,2.63,4.77,1.36,1
5.32,2.88,4.18,1.36,1
5.77,2.47,4.61,1.32,1
5.16,2.96,3.64,1.18,1
4.91,2.99,4.23,1.39,1
6.62,2.64,3.84,1.43,1
6.91,3.31,3.99,1.04,1
5.35,3.45,4.11,1.32,1
6.62,2.75,4.23,1.37,1
5.96,2.38,4.64,1.35,1
5.61,3.02,4.29,1.59,1
6.13,2.88,4.39,1.24,1
6.41,3.12,4.41,1.32,1
6.6,3.03,4.44,0.9,1
6.07,2.72,4.43,1.43,1
5.24,2.89,4.67,1.35,1
5.72,3.09,3.96,1.39,1
5.62,3.05,5.04,1.34,1
5.99,3.06,4.89,1.45,1
5.64,2.04,3.69,1.27,1
5.89,2.99,3.86,1.47,1
5.46,2.78,3.84,1.41,1
5.79,2.28,4.03,1.4,1
5.5,3.08,4.39,1.28,1
5.9,2.63,4.06,1.09,1
7.03,3.33,4.48,1.36,1
5.42,2.52,3.93,1.16,1
6.92,3.03,4.42,1.82,1
5.96,2.65,4.42,1.03,1
6.53,2.83,4.15,1.24,1
6.05,2.36,3.95,1.29,1
6.55,2.77,4.38,1.73,1
6.24,2.16,4.74,1.11,1
6.03,2.32,4.8,1.36,1
5.73,3.2,3.9,1.35,1
6.08,2.62,4.08,1.13,1
6.34,2.65,4.6,1.59,1
5.79,2.68,4.58,1.44,1
6.1,2.71,3.98,1.15,1
5.83,2.94,4.09,1.19,1
6.89,2.38,4.32,1.44,1
6.75,3.08,3.35,1.29,1
4.86,2.86,4.62,1.57,1
5.63,3.37,3.58,1.63,1
6.46,2.05,4.56,1.21,1
6.19,2.39,4.31,1.33,1
6.47,2.72,4.02,1.57,1
6.0,2.69,3.97,1.28,1
5.85,2.76,5.89,1.24,1
5.82,2.66,5.11,1.4,1
5.59,2.65,3.81,1.47,1
5.63,2.33,3.88,1.36,1
6.3,2.85,4.12,1.47,1
5.82,2.38,4.25,1.49,1
5.93,2.62,4.47,1.56,1
5.16,3.27,4.31,1.11,1
6.67,3.3,4.09,1.03,1
5.42,3.09,4.33,1.59,1
6.08,2.62,3.93,1.41,1
5.79,2.7,3.4,1.59,1
5.5,2.99,4.39,1.04,1
5.9,2.5,4.27,1.26,1
5.74,3.09,4.75,1.37,1
5.99,3.4,4.6,1.5,1
5.77,2.45,4.61,1.0,1
6.77,3.27,4.89,1.41,1
6.16,2.42,4.0,1.44,1
5.31,2.8,3.99,1.42,1
6.03,2.74,4.48,0.96,1
5.81,2.71,4.67,1.15,1
6.04,2.82,4.55,1.13,1
6.48,2.39,3.8,1.32,1
6.3,3.08,4.04,1.37,1
5.81,3.28,5.04,1.35,1
6.06,2.77,4.34,1.05,1
6.09,2.35,4.47,1.4,1
6.21,2.44,4.08,1.36,1
5.0,2.54,4.16,1.3,1
6.33,2.74,3.42,0.88,1
6.15,3.05,4.26,1.26,1
5.75,2.37,3.97,1.36,1
6.2,2.96,4.3,1.07,1
6.5,2.94,4.33,1.37,1
5.95,3.0,4.28,1.47,1
4.94,3.04,4.55,1.65,1
6.42,2.88,3.95,1.58,1
6.11,2.97,3.77,1.55,1
4.87,2.73,4.11,1.65,1
6.84,2.69,4.14,1.6,1
4.7,2.97,4.07,1.25,1
5.53,3.05,3.84,1.09,1
5.71,2.55,4.25,1.31,1
6.16,2.82,3.24,1.51,1
5.6,3.06,4.41,1.46,1
6.84,2.33,4.14,1.41,1
6.57,3.45,4.45,1.29,1
5.35,2.6,4.21,1.15,1
6.2,3.19,4.22,1.38,1
6.45,2.78,4.04,1.51,1
5.98,2.51,2.92,1.43,1
5.78,2.25,4.6,1.2,1
6.65,2.51,4.68,1.47,1
6.72,2.99,3.52,1.12,1
5.88,2.66,4.27,1.15,1
5.74,2.7,4.87,1.15,1
5.5,2.93,4.53,1.13,1
6.19,2.76,3.96,1.34,1
5.01,2.9,4.65,1.6,1
6.68,2.39,4.25,1.4,1
5.51,2.6,4.28,1.21,1
5.65,2.84,4.49,1.06,1
6.09,2.6,5.77,1.67,1
7.02,2.67,5.31,0.94,1
5.9,2.55,3.15,1.45,1
5.65,3.15,4.81,1.15,1
6.32,2.95,4.39,1.28,1
6.24,2.78,4.15,1.22,1
6.07,2.41,4.83,1.48,1
5.14,3.3,4.27,1.3,1
6.32,2.75,4.26,0.93,1
4.92,2.73,4.14,1.47,1
5.63,2.56,3.28,1.14,1
5.39,2.41,3.86,1.54,1
6.16,3.55,3.05,1.38,1
4.93,2.69,3.79,1.52,1
5.38,2.41,3.22,1.34,1
6.28,2.82,4.02,1.36,1
6.28,2.34,5.26,1.39,1
6.62,2.82,3.86,1.34,1
6.21,2.61,4.88,1.17,1
5.38,2.83,4.34,1.41,1
6.49,3.0,3.99,1.48,1
5.87,2.75,3.62,1.57,1
6.06,2.23,3.95,1.25,1
5.09,3.12,4.02,1.67,1
5.75,2.89,4.37,1.15,1
6.57,2.71,4.51,1.32,1
5.64,2.75,4.74,1.43,1
6.02,2.79,5.16,1.38,1
5.73,3.5,4.01,1.49,1
5.66,2.94,4.76,1.3,1
6.54,3.16,4.37,1.46,1
6.21,2.98,4.09,1.3,1
6.33,3.23,3.06,1.18,1
6.29,3.24,4.5,1.27,1
6.29,3.01,4.54,1.5,1
5.82,3.19,4.29,1.4,1
6.11,2.94,4.5,1.24,1
6.09,3.46,3.81,1.45,1
6.98,2.85,3.84,0.9,1
6.25,2.4,4.22,1.27,1
5.98,3.02,4.38,1.2,1
5.56,2.79,2.39,1.57,1
6.44,2.62,4.42,1.31,1
5.71,2.98,4.49,1.22,1
6.91,2.21,4.61,1.37,1
6.36,2.98,4.51,1.12,1
6.33,2.86,4.45,1.48,1
5.96,3.02,4.83,1.58,1
6.07,3.04,4.3,1.49,1
5.65,2.62,3.94,1.47,1
5.96,2.51,3.35,1.11,1
5.91,2.66,3.94,1.25,1
6.73,2.91,4.71,1.64,1
5.07,2.89,3.67,1.58,1
6.29,3.2,4.38,1.38,1
5.8,2.77,3.77,1.2,1
5.54,2.91,3.89,1.47,1
5.38,2.83,4.93,1.44,1
5.58,2.61,3.94,1.76,1
6.54,2.19,4.91,1.38,1
5.03,3.44,5.02,1.19,1
6.49,2.95,4.6,1.37,1
5.38,2.26,3.69,1.04,1
6.07,2.82,3.99,1.58,1
6.39,2.89,4.49,1.06,1
5.75,3.0,3.87,1.37,1
5.44,2.58,5.1,1.39,1
6.3,2.77,5.25,1.12,1
5.36,2.6,5.44,1.53,1
5.47,3.15,4.1,1.37,1
6.58,2.87,4.19,0.96,1
7.32,2.82,3.54,1.36,1
6.19,3.24,3.82,1.23,1
5.41,2.83,4.96,1.2,1
5.36,3.29,3.88,1.32,1
5.96,3.21,4.17,1.66,1
6.3,2.62,4.48,1.33,1
5.49,2.91,3.91,1.49,1
5.74,2.79,4.41,1.0,1
5.63,2.81,4.43,1.48,1
5.82,2.68,4.9,1.43,1
4.47,3.14,4.32,1.37,1
6.19,2.91,5.04,1.47,1
5.91,2.93,3.83,1.13,1
5.91,3.43,4.28,1.62,1
5.12,2.39,3.97,1.35,1
5.51,2.65,4.51,1.19,1
5.66,2.37,3.91,1.57,1
4.91,2.63,4.68,0.76,1
6.69,3.04,3.83,1.52,1
5.65,3.06,4.44,1.25,1
6.06,2.65,3.99,1.0,1
5.81,2.95,3.82,1.05,1
4.87,2.7,4.71,1.2,1
6.08,2.32,4.03,1.21,1
5.12,2.65,4.42,1.43,1
6.52,2.7,4.74,0.99,1
5.84,2.77,4.77,1.39,1
6.08,2.79,3.69,1.15,1
6.54,2.58,4.51,1.57,1
5.76,3.31,3.92,1.47,1
6.27,2.81,5.3,1.27,1
5.73,2.78,3.13,1.39,1
5.14,3.39,3.47,1.13,1
5.29,2.98,3.87,0.84,1
6.0,2.44,4.09,1.44,1
5.41,3.35,4.22,1.22,1
7.26,3.26,4.87,1.14,1
6.49,2.4,4.92,1.27,1
5.54,2.4,4.6,0.85,1
5.8,3.0,4.58,1.28,1
5.18,2.74,4.35,1.54,1
6.03,2.34,4.23,1.42,1
5.18,2.75,4.52,1.3,1
5.52,2.94,5.65,1.3,1
6.53,2.73,4.02,1.51,1
4.57,3.1,4.66,1.49,1
6.02,2.6,3.73,1.05,1
5.39,3.44,4.72,1.37,1
5.44,3.08,4.46,1.36,1
5.25,2.57,4.7,1.32,1
5.36,3.08,4.71,1.18,1
6.0,2.76,3.93,1.1,1
5.75,2.67,4.54,1.64,1
5.89,2.86,4.56,1.28,1
6.56,2.7,4.53,0.78,1
5.61,3.01,4.51,1.4,1
6.19,2.96,4.84,1.31,1
5.8,2.72,4.3,1.25,1
5.63,2.93,3.82,1.61,1
4.96,2.91,4.26,1.47,1
5.54,2.73,5.1,1.27,1
6.64,2.74,4.61,1.25,1
6.79,2.46,4.43,1.35,1
6.31,2.84,4.11,1.21,1
4.95,2.93,4.1,1.51,1
5.92,3.27,3.46,1.65,1
5.89,1.86,5.26,1.59,1
5.33,3.08,3.65,1.35,1
6.25,2.83,3.98,1.42,1
5.93,2.67,4.93,1.29,1
6.4,2.74,3.72,1.48,1
5.36,2.94,4.25,1.52,1
6.41,2.69,4.1,1.1,1
5.92,2.79,4.39,1.4,1
6.25,2.53,4.07,1.44,1
5.37,2.8,4.16,1.19,1
5.92,3.19,4.78,1.07,1
6.98,2.96,4.3,1.59,1
5.46,2.39,4.1,1.22,1
6.11,3.22,3.61,1.28,1
7.16,2.61,4.1,1.31,1
6.72,2.66,2.73,1.32,1
6.49,2.68,4.88,1.12,1
6.67,2.86,4.38,1.47,1
5.22,2.83,5.01,1.31,1
5.66,2.8,3.34,1.38,1
6.02,2.63,4.41,1.47,1
6.21,3.2,3.65,1.47,1
5.59,2.55,3.89,1.54,1
5.98,3.07,4.26,1.32,1
6.48,2.84,4.83,1.24,1
5.36,3.27,4.38,1.22,1
6.3,2.54,4.58,1.74,1
6.06,3.31,3.76,1.34,1
5.5,3.52,4.11,1.31,1
6.66,2.92,4.6,1.0,1
6.09,2.88,4.19,1.14,1
7.34,2.9,4.08,0.97,1
5.43,2.54,4.53,1.4,1
6.06,2.24,3.95,1.16,1
6.86,2.35,4.37,1.21,1
5.19,2.49,3.96,1.28,1
6.19,2.99,3.44,1.23,1
6.41,2.66,4.57,1.44,1
6.43,3.1,3.65,1.31,1
6.0,2.97,3.45,1.35,1
5.52,3.16,4.11,1.48,1
5.55,2.77,4.22,1.33,1
5.64,3.02,3.85,1.66,1
4.77,2.42,4.06,1.49,1
5.37,3.4,4.43,1.55,1
6.55,2.41,4.07,1.23,1
6.53,2.7,4.3,1.1,1
6.0,2.71,4.17,1.43,1
5.9,3.15,4.53,1.42,1
6.61,2.75,3.99,1.21,1
7.09,3.4,4.41,1.16,1
5.94,2.71,3.41,0.97,1
6.82,3.32,3.75,1.51,1
6.08,3.0,4.62,1.3,1
5.41,2.8,4.87,1.24,1
5.21,3.02,4.27,1.57,1
6.41,2.14,4.71,1.59,1
6.48,2.7,4.12,1.3,1
5.73,2.62,4.16,1.42,1
5.57,2.96,4.32,1.73,1
5.81,2.51,4.28,0.96,1
6.79,2.59,4.59,1.07,1
6.05,3.49,4.77,1.3,1
6.43,3.05,4.29,1.09,1
6.44,3.2,4.19,1.24,1
5.78,2.38,3.64,1.4,1
5.85,2.64,3.23,1.19,1
6.38,2.5,3.92,1.35,1
5.66,3.04,4.84,0.85,1
6.56,2.97,4.53,0.72,1
5.06,2.74,3.84,1.13,1
6.62,3.09,4.36,1.34,1
6.46,2.41,4.15,1.17,1
6.15,2.89,4.6,1.04,1
5.95,3.0,4.43,0.97,1
6.45,2.61,4.07,0.96,1
6.49,2.59,3.98,0.97,1
5.13,3.39,4.11,1.63,1
5.35,2.95,4.94,1.28,1
6.72,3.29,3.67,1.08,1
5.79,2.44,4.25,1.53,1
6.0,2.46,4.92,1.29,1
6.01,2.52,4.53,1.22,1
6.06,3.15,4.31,1.37,1
5.45,3.22,4.68,1.08,1
5.45,2.9,4.48,1.39,1
5.15,2.69,4.09,1.25,1
5.68,2.36,4.63,1.62,1
5.74,2.59,4.58,1.48,1
5.58,2.9,4.45,1.53,1
5.55,2.36,4.13,1.08,1
4.9,2.35,4.63,1.43,1
6.3,2.62,4.02,1.53,1
5.75,2.5,4.68,1.35,1
5.59,2.88,3.25,1.28,1
5.93,2.82,4.78,1.19,1
6.98,2.91,3.87,1.33,1
6.27,2.91,4.35,1.21,1
5.77,2.21,4.06,1.75,1
5.67,2.81,4.01,1.26,1
6.25,2.96,4.75,1.45,1
5.82,3.18,4.63,1.51,1
5.78,2.96,4.75,1.15,1
5.83,2.31,4.17,1.22,1
6.1,3.04,3.87,1.56,1
6.62,2.76,4.53,1.53,1
5.87,2.96,3.13,1.41,1
5.53,1.97,4.17,1.02,1
5.95,2.27,4.7,1.67,1
5.58,2.66,4.9,1.61,1
5.62,2.36,3.97,1.26,1
6.5,2.82,4.66,1.14,1
6.28,2.5,3.93,1.44,1
5.43,2.43,4.2,1.37,1
5.87,3.04,3.81,1.35,1
6.68,3.34,4.94,0.98,1
5.77,2.53,3.73,1.3,1
6.43,3.03,3.7,0.9,1
6.16,2.79,3.4,1.21,1
6.39,2.73,4.27,1.73,1
6.2,2.61,4.61,1.28,1
6.15,3.02,4.0,1.33,1
6.46,2.12,4.13,1.25,1
5.81,2.88,4.74,1.62,1
5.52,3.09,3.93,1.22,1
6.78,2.59,4.22,1.51,1
6.11,2.77,4.37,1.08,1
5.64,3.01,4.77,1.21,1
5.81,2.27,3.93,1.6,1
6.46,2.88,4.12,0.86,1
6.09,2.04,4.75,1.46,1
5.93,2.65,4.74,0.97,1
5.46,2.55,4.32,1.37,1
5.98,2.83,4.32,0.96,1
6.86,2.8,4.43,1.09,1
5.87,2.91,3.36,1.28,1
6.19,2.31,4.68,1.46,1
5.42,2.96,4.44,1.42,1
6.12,2.88,4.98,1.22,1
5.71,2.52,4.75,1.28,1
5.23,3.1,3.8,1.64,1
6.58,3.29,4.36,1.49,1
6.31,2.66,4.53,1.37,1
6.31,2.73,3.83,1.21,1
6.08,2.67,3.95,2.02,1
5.21,2.14,4.06,1.47,1
6.2,2.81,4.55,1.46,1
6.22,2.93,4.3,1.26,1
5.76,3.01,4.11,1.72,1
6.58,2.4,3.15,1.19,1
6.32,3.11,5.03,1.21,1
5.96,2.63,3.99,1.12,1
5.22,3.1,4.12,1.15,1
5.38,2.48,4.5,1.57,1
5.81,2.98,4.03,1.32,1
5.5,2.97,4.56,1.63,1
6.32,2.5,3.8,1.65,1
5.01,2.64,4.28,1.57,1
6.23,2.73,4.3,1.21,1
7.45,2.96,4.4,1.34,1
6.11,2.9,4.63,1.31,1
5.16,3.02,4.27,1.4,1
5.76,2.89,4.18,1.22,1
5.51,2.66,4.19,1.14,1
5.78,2.63,4.4,1.09,1
6.18,2.5,4.83,1.07,1
5.41,2.32,4.46,1.29,1
6.15,2.78,4.43,1.24,1
6.5,3.73,4.35,1.24,1
5.86,2.77,5.0,1.16,1
5.36,2.06,4.28,1.31,1
5.73,2.38,3.62,1.15,1
5.94,2.93,4.17,0.99,1
6.73,2.71,3.49,1.42,1
5.21,2.87,4.84,1.34,1
5.95,2.99,4.65,1.42,1
5.73,2.95,4.25,1.27,1
5.5,2.7,4.09,1.97,1
5.65,2.45,5.14,1.41,1
6.06,2.55,4.68,1.48,1
6.45,2.78,3.38,1.3,1
5.27,2.89,3.93,1.62,1
5.63,3.12,4.03,1.37,1
5.58,2.75,4.51,1.51,1
6.05,2.41,4.55,1.13,1
6.3,3.01,4.51,1.21,1
6.12,2.69,4.49,0.95,1
5.44,2.51,4.83,1.61,1
6.52,2.43,4.66,1.08,1
6.58,2.91,4.85,1.5,1
7.06,2.18,3.82,1.24,1
5.72,3.51,4.43,1.52,1
6.53,2.9,4.31,1.68,1
6.19,3.41,4.75,1.14,1
6.08,2.66,3.6,1.19,1
5.81,3.13,4.71,1.59,1
5.21,3.11,3.88,1.4,1
5.48,2.7,3.69,1.23,1
6.69,2.91,4.03,0.93,1
5.49,3.08,4.81,1.17,1
5.8,2.86,4.46,1.51,1
5.31,2.3,4.59,1.17,1
6.48,3.23,3.92,1.29,1
5.98,2.63,3.74,1.6,1
6.11,2.43,4.4,1.5,1
6.32,2.77,4.42,1.18,1
6.24,3.21,4.86,1.49,1
5.16,2.57,4.22,1.41,1
5.06,2.77,4.94,1.36,1
6.27,2.65,4.65,1.42,1
5.49,2.62,3.95,1.46,1
5.72,2.71,5.2,1.23,1
5.71,2.88,4.51,1.55,1
6.51,2.6,4.21,1.19,1
6.26,2.76,4.77,1.32,1
6.23,2.51,4.39,1.15,1
5.65,3.02,4.22,1.16,1
5.72,2.37,4.16,0.99,1
5.35,2.57,4.59,1.18,1
5.96,2.5,5.11,1.2,1
5.09,2.65,4.4,1.29,1
5.74,3.31,3.89,1.28,1
5.75,2.51,4.55,1.2,1
6.11,2.68,3.44,1.41,1
5.17,1.97,3.65,1.31,1
5.12,2.19,4.4,1.54,1
6.33,2.53,4.02,1.19,1
6.36,2.71,3.8,1.24,1
5.77,2.59,3.72,1.35,1
6.19,2.3,4.94,1.61,1
6.22,3.29,4.36,1.15,1
5.46,2.27,3.83,1.34,1
6.18,3.61,4.95,1.12,1
6.24,2.89,4.94,1.06,1
5.94,2.52,4.74,1.21,1
5.86,3.08,4.68,1.37,1
6.54,2.64,4.08,1.18,1
5.58,2.63,4.5,1.54,1
5.07,2.49,4.71,1.18,1
6.14,2.73,4.57,1.2,1
6.02,2.93,4.36,1.29,1
6.37,2.24,4.09,1.32,1
6.32,2.39,4.36,1.42,1
5.94,2.92,4.53,0.94,1
5.78,2.47,4.95,1.44,1
5.45,2.79,4.02,1.58,1
5.2,2.63,4.25,1.77,1
5.95,2.1,3.84,1.18,1
5.26,2.82,3.99,1.36,1
6.89,2.84,4.74,1.6,1
5.74,2.31,4.1,1.87,1
5.15,2.73,4.0,1.3,1
6.32,2.47,5.22,1.32,1
6.07,2.52,3.85,1.26,1
4.95,2.77,4.82,1.42,1
7.23,2.94,4.56,1.11,1
6.02,3.22,4.55,1.49,1
5.93,2.42,4.98,1.14,1
5.74,2.83,4.46,1.27,1
5.04,2.84,4.61,1.35,1
4.53,2.64,3.73,1.64,1
5.06,2.76,4.52,1.55,1
6.05,2.32,4.3,1.39,1
6.84,2.25,4.64,1.18,1
6.08,3.14,4.83,1.32,1
6.28,2.52,4.39,1.2,1
6.37,3.27,3.62,1.47,1
5.94,3.04,4.06,1.2,1
6.4,2.38,4.12,1.19,1
6.46,2.66,3.99,1.59,1
6.18,2.74,4.5,1.52,1
6.28,2.71,3.46,1.34,1
5.06,2.77,4.19,1.13,1
6.44,3.01,3.93,1.48,1
6.6,2.78,4.27,1.45,1
5.13,2.45,4.84,1.35,1
6.47,2.3,3.5,1.54,1
5.18,2.43,5.1,1.11,1
5.76,3.08,4.4,1.17,1
6.73,2.36,3.69,1.75,1
5.68,2.61,5.46,1.2,1
5.88,3.42,4.87,1.12,1
6.67,2.77,3.87,1.39,1
5.57,2.7,4.33,1.27,1
5.3,2.97,4.0,1.33,1
6.32,3.01,4.39,1.38,1
6.21,2.76,4.59,1.7,1
6.8,2.3,4.02,1.53,1
6.16,2.54,4.17,1.03,1
5.35,2.47,3.77,1.52,1
6.65,3.41,3.35,1.39,1
5.1,3.49,5.21,1.23,1
6.73,2.58,4.34,1.11,1
5.32,3.13,3.96,1.31,1
6.25,2.57,4.49,1.21,1
5.8,2.64,4.08,1.68,1
5.18,2.95,4.24,1.33,1
6.27,2.58,3.83,1.12,1
5.51,2.9,3.92,1.35,1
6.23,2.93,3.21,1.56,1
5.28,2.91,4.68,1.04,1
6.04,3.45,4.23,1.54,1
5.43,3.07,4.86,1.32,1
5.95,2.48,3.71,1.76,1
5.28,3.04,4.49,1.38,1
6.28,3.01,4.74,1.43,1
5.48,2.39,4.54,1.57,1
5.72,2.96,4.03,1.57,1
5.93,2.37,4.28,1.72,1
5.55,2.57,4.68,1.43,1
5.49,2.74,4.77,1.54,1
6.1,2.61,5.01,1.35,1
6.09,3.11,4.75,1.47,1
5.53,2.86,3.91,1.23,1
6.11,2.53,4.2,0.88,1
5.9,3.03,4.75,1.48,1
6.46,2.53,4.24,1.29,1
6.69,2.96,4.73,1.6,1
6.06,2.31,3.87,1.31,1
5.44,2.43,4.12,1.53,1
6.54,2.82,4.32,1.41,1
5.18,2.28,4.67,1.11,1
6.87,2.6,4.41,1.31,1
5.29,2.47,3.8,1.18,1
6.34,3.23,4.47,1.21,1
5.56,2.54,4.64,1.27,1
5.48,3.21,5.22,1.3,1
5.49,2.49,4.89,1.27,1
6.29,3.16,4.43,1.52,1
6.08,2.4,4.48,1.45,1
5.84,2.82,4.01,1.04,1
6.26,2.57,4.22,1.33,1
5.37,3.08,4.72,1.53,1
5.38,2.87,4.19,1.45,1
6.07,3.22,3.7,1.25,1
5.29,2.48,4.77,1.49,1
5.48,2.35,4.2,1.31,1
6.29,3.11,4.05,1.47,1
6.57,2.09,4.22,1.41,1
5.01,3.22,4.25,1.39,1
6.13,2.35,3.88,1.05,1
6.19,2.76,5.49,1.3,1
5.45,2.61,4.12,1.44,1
6.09,2.66,5.01,1.1,1
6.08,2.6,3.92,1.2,1
5.84,2.84,4.77,1.44,1
6.16,3.25,3.89,1.76,1
5.11,2.92,4.52,1.62,1
5.91,2.78,4.31,1.22,1
5.58,2.86,5.22,0.97,1
6.15,2.76,4.5,1.32,1
6.45,2.82,3.49,1.58,1
5.23,2.45,4.47,1.29,1
6.26,2.8,4.44,1.57,1
5.94,2.98,4.22,0.92,1
6.72,2.64,3.99,1.26,1
6.29,2.85,3.27,1.11,1
6.78,2.5,4.11,1.47,1
5.61,2.49,3.86,1.3,1
5.89,2.48,4.31,1.02,1
6.88,3.04,4.06,1.47,1
5.57,3.81,4.36,1.21,1
5.83,2.5,4.62,1.1,1
6.86,2.8,4.13,1.53,1
5.3,2.66,4.38,1.38,1
6.82,2.69,3.9,1.22,1
5.88,2.93,4.14,1.16,1
5.8,3.0,3.72,1.07,1
5.45,2.81,4.41,1.25,1
5.72,2.92,4.59,1.51,1
5.93,2.41,4.1,1.43,1
6.23,2.89,3.62,1.43,1
5.73,3.19,4.24,1.68,1
6.12,2.5,4.96,1.3,1
6.32,2.64,4.5,1.61,1
5.52,2.95,4.42,1.4,1
5.32,3.14,4.03,1.17,1
6.2,2.95,3.6,1.32,1
6.03,2.73,5.28,1.11,1
5.36,2.42,4.04,1.2,1
5.01,2.81,3.91,0.92,1
6.1,2.83,4.18,1.51,1
5.91,2.71,4.27,1.66,1
6.59,3.31,4.13,1.23,1
6.29,2.47,4.23,1.22,1
6.08,2.6,5.44,1.21,1
6.35,2.56,4.22,1.45,1
4.73,3.2,4.36,1.06,1
6.28,3.01,3.15,1.36,1
6.15,2.58,4.08,1.34,1
6.07,2.92,4.48,1.32,1
6.43,2.38,4.36,1.27,1
6.65,3.1,4.56,1.41,1
5.89,2.17,4.08,1.64,1
5.98,2.64,3.9,1.13,1
6.9,3.48,4.65,0.78,1
4.7,2.96,4.82,1.43,1
6.61,2.54,3.7,1.29,1
5.91,2.78,4.28,1.12,1
6.26,2.86,3.21,1.45,1
5.57,2.58,3.22,1.46,1
6.14,2.66,4.14,1.24,1
5.56,3.15,4.11,1.29,1
4.97,3.06,4.62,1.55,1
5.19,2.29,4.1,0.91,1
6.51,3.0,4.33,1.55,1
5.08,3.08,4.57,1.25,1
5.53,2.95,4.09,1.16,1
6.88,2.62,4.13,1.16,1
6.09,2.78,2.98,1.32,1
5.89,2.86,3.96,1.3,1
5.37,2.54,5.03,1.46,1
5.96,2.61,4.84,0.84,1
6.4,2.68,3.78,1.24,1
4.66,2.03,4.27,1.46,1
5.99,1.85,5.05,1.3,1
5.88,2.5,4.39,1.53,1
6.43,2.98,4.53,1.55,1
6.43,2.57,3.92,1.27,1
5.51,2.32,4.88,1.13,1
5.84,2.34,4.55,1.19,1
6.34,3.03,4.29,1.1,1
5.97,2.71,4.14,1.0,1
5.95,2.96,4.69,0.7,1
6.2,2.75,3.47,1.32,1
6.25,2.72,4.24,1.21,1
6.09,2.65,3.98,1.51,1
5.32,3.35,4.46,1.07,1
6.76,2.65,3.36,1.41,1
6.12,3.02,4.42,1.06,1
5.74,2.29,3.92,1.29,1
6.8,2.25,4.91,1.37,1
5.36,2.83,5.07,1.42,1
6.43,2.84,5.08,1.23,1
6.15,2.71,4.18,1.07,1
7.01,3.16,4.66,1.49,1
6.34,2.79,3.9,1.37,1
5.24,2.6,4.74,1.11,1
6.18,2.64,4.3,1.41,1
6.37,2.63,3.57,1.02,1
6.1,2.31,3.48,1.36,1
5.53,3.09,4.25,1.28,1
5.28,2.2,4.86,1.6,1
6.71,3.23,3.93,1.15,1
5.77,2.84,4.99,1.45,1
5.52,2.72,4.06,1.41,1
6.31,2.47,4.46,1.52,1
6.07,2.95,4.34,1.73,1
5.67,2.47,4.74,1.23,1
5.74,2.57,4.51,1.24,1
6.62,2.51,4.15,1.35,1
5.11,2.43,5.35,1.3,1
5.05,3.14,3.58,1.34,1
6.94,3.12,4.22,1.46,1
5.33,2.85,4.32,1.18,1
6.94,2.82,4.27,1.25,1
5.5,2.83,4.96,1.19,1
6.28,3.05,3.95,1.3,1
5.57,2.56,4.8,1.45,1
5.59,2.2,4.33,1.54,1
5.43,2.56,3.69,1.31,1
5.83,2.37,3.9,1.05,1
7.1,2.79,3.72,1.22,1
5.58,2.67,4.56,1.53,1
5.92,2.76,4.08,0.95,1
6.07,2.9,4.85,1.71,1
5.95,3.25,3.84,1.64,1
5.95,2.71,4.06,1.55,1
6.3,2.34,3.72,1.51,1
5.08,2.68,4.1,1.59,1
5.63,2.82,4.0,1.06,1
6.13,2.87,4.9,1.06,1
6.11,2.5,4.74,1.35,1
6.34,2.83,3.84,1.47,1
6.31,2.73,5.16,0.78,1
6.22,2.77,4.49,1.59,1
5.22,2.23,4.66,1.52,1
5.58,2.95,4.04,1.17,1
6.41,3.23,4.96,1.28,1
7.02,2.95,3.5,1.51,1
6.37,2.57,4.53,1.46,1
6.32,2.63,3.8,1.51,1
6.15,3.52,4.03,1.34,1
5.56,3.11,3.81,1.35,1
6.4,2.81,3.64,1.48,1
6.54,2.41,4.07,1.01,1
5.92,2.74,4.92,1.35,1
6.28,2.81,4.75,1.56,1
6.31,2.99,4.99,1.63,1
6.21,2.71,4.76,1.29,1
6.28,2.98,4.27,1.76,1
5.25,2.97,4.62,1.59,1
5.87,2.65,4.26,1.3,1
6.25,2.69,3.83,1.35,1
5.95,2.58,3.81,1.27,1
6.1,2.9,4.38,1.53,1
6.16,2.8,4.29,1.27,1
5.61,2.75,3.72,1.23,1
5.93,2.44,4.22,1.37,1
5.68,2.47,4.85,1.49,1
5.72,2.53,3.21,1.09,1
5.14,3.14,4.34,1.35,1
7.06,2.49,5.23,0.85,1
5.66,2.88,4.12,2.06,1
6.0,2.97,3.88,1.24,1
6.19,2.42,5.47,1.37,1
5.74,2.83,4.23,1.26,1
5.88,2.49,4.45,1.33,1
5.95,2.16,4.09,1.96,1
6.11,2.48,3.26,1.2,1
5.16,2.94,4.13,1.4,1
6.53,2.78,3.99,1.07,1
6.74,2.88,4.3,1.24,1
5.47,2.54,5.06,1.39,1
6.22,2.58,4.87,1.25,1
5.51,2.85,5.01,1.46,1
5.63,2.57,4.47,1.07,1
6.06,2.95,4.78,1.28,1
6.1,2.68,5.57,1.15,1
6.37,2.58,4.01,1.17,1
6.75,2.58,5.67,1.71,2
6.62,3.27,5.6,1.85,2
6.65,2.71,5.73,2.13,2
6.09,3.17,4.94,2.26,2
6.89,2.97,5.77,2.24,2
7.25,2.89,5.75,2.02,2
7.12,3.18,5.96,1.89,2
6.82,3.2,5.17,1.74,2
6.32,2.95,5.47,2.12,2
6.28,3.13,5.45,2.32,2
6.22,2.64,5.97,2.06,2
6.53,2.84,5.0,2.01,2
7.28,3.42,6.25,1.91,2
6.88,2.64,5.39,2.61,2
6.15,3.2,5.64,1.74,2
6.28,3.06,5.95,1.63,2
7.32,3.07,5.33,2.24,2
7.75,3.12,5.14,2.0,2
7.41,2.9,4.86,2.28,2
6.21,2.46,5.76,2.38,2
6.55,3.52,5.27,2.33,2
6.14,2.76,5.6,2.32,2
5.84,3.09,6.2,1.95,2
7.3,2.95,4.87,1.78,2
7.15,3.12,5.29,2.06,2
6.89,3.68,5.34,2.19,2
6.28,2.79,6.63,2.47,2
5.68,3.4,5.24,2.35,2
6.94,2.98,5.4,2.08,2
6.49,3.24,6.36,2.07,2
6.64,2.85,4.96,1.75,2
6.9,3.03,5.58,2.12,2
7.12,2.86,4.82,1.81,2
6.6,2.61,6.49,1.98,2
6.57,2.61,5.38,2.22,2
6.7,2.98,5.94,1.86,2
5.56,3.22,5.43,1.97,2
7.13,3.01,4.51,2.21,2
6.27,2.89,4.96,2.15,2
7.52,2.69,5.14,2.15,2
6.42,2.67,5.94,2.25,2
7.19,3.69,4.79,1.91,2
5.86,3.42,6.26,2.21,2
6.37,2.85,4.99,2.15,2
6.04,3.05,6.14,1.91,2
6.33,3.28,5.26,1.91,2
6.06,3.13,5.6,1.98,2
6.26,2.88,5.24,2.32,2
6.23,2.52,5.3,2.02,2
6.69,2.67,5.74,2.13,2
6.33,3.36,6.02,1.74,2
6.17,3.3,5.62,1.93,2
6.5,2.7,6.19,2.21,2
6.52,3.26,6.21,2.17,2
6.8,2.5,5.85,1.78,2
7.31,3.11,5.82,1.98,2
7.42,2.83,5.72,1.91,2
6.33,3.49,5.51,2.46,2
6.6,2.9,5.69,1.74,2
6.64,2.68,6.25,2.16,2
6.3,3.05,6.5,2.58,2
5.21,2.92,6.24,1.46,2
7.1,3.72,5.36,2.14,2
7.04,2.59,6.55,1.79,2
5.97,2.66,4.8,2.06,2
5.87,3.09,5.44,1.88,2
5.37,2.72,5.29,1.91,2
6.67,2.93,5.8,2.08,2
5.83,3.34,5.13,1.87,2
6.04,2.85,5.65,2.23,2
6.21,2.97,4.95,2.27,2
7.4,2.99,5.55,2.28,2
7.45,3.25,4.48,1.91,2
6.25,3.02,5.9,2.29,2
6.59,2.57,6.29,2.02,2
7.03,3.0,4.92,2.17,2
6.01,2.85,5.18,2.09,2
6.26,2.94,4.8,1.77,2
5.74,3.24,4.45,2.19,2
7.24,3.4,5.22,2.22,2
6.15,3.54,5.98,2.02,2
5.74,3.26,5.38,2.09,2
6.3,3.32,5.89,2.34,2
7.04,3.01,5.72,2.69,2
6.51,2.8,5.67,2.12,2
7.38,2.88,5.59,1.8,2
6.94,3.0,5.47,2.15,2
7.42,2.82,5.35,1.8,2
7.33,2.95,6.09,2.04,2
7.56,3.46,6.29,1.94,2
7.16,3.3,6.3,1.83,2
7.51,3.29,5.1,1.77,2
5.89,2.87,5.47,1.74,2
5.79,2.51,6.61,1.53,2
5.83,2.73,6.19,2.94,2
7.34,2.87,6.06,2.03,2
6.52,3.25,4.3,2.52,2
6.26,2.89,5.38,1.69,2
7.19,2.61,6.4,1.41,2
6.48,1.99,5.39,2.21,2
6.97,2.83,5.1,1.93,2
6.92,2.7,5.2,2.0,2
6.78,3.13,5.49,2.29,2
6.17,3.06,5.54,2.04,2
4.86,3.07,5.96,1.73,2
6.49,3.32,6.45,1.91,2
6.44,2.75,5.22,2.31,2
6.43,2.97,5.95,1.8,2
6.44,3.34,5.19,2.23,2
7.83,2.75,4.48,2.36,2
6.78,2.68,5.96,2.51,2
5.86,2.46,5.31,2.08,2
6.21,2.58,5.93,2.3,2
6.17,3.2,5.54,1.8,2
5.11,2.89,5.41,2.1,2
5.44,2.98,5.15,2.14,2
7.0,2.85,5.09,1.82,2
6.56,3.03,5.91,1.54,2
6.57,3.23,5.2,2.0,2
6.15,3.18,6.2,2.06,2
6.54,3.15,5.93,2.3,2
5.95,3.06,5.57,2.34,2
5.92,3.37,5.21,2.69,2
7.13,3.04,6.5,2.19,2
6.4,3.65,5.41,2.03,2
6.95,3.54,5.14,2.41,2
5.79,2.14,5.82,1.97,2
6.45,2.65,5.79,2.15,2
6.01,3.02,6.55,1.85,2
6.99,3.0,5.84,2.19,2
6.78,3.01,4.56,1.84,2
7.37,2.6,5.45,2.04,2
6.14,3.26,6.61,2.6,2
7.7,3.15,5.1,1.66,2
7.68,3.28,5.95,1.92,2
6.3,2.51,6.13,2.37,2
5.96,2.99,6.59,2.1,2
7.36,2.82,6.22,2.03,2
5.97,3.69,5.11,1.83,2
6.4,2.93,5.23,2.33,2
7.71,2.69,6.63,1.86,2
5.67,2.72,5.69,1.81,2
8.08,2.65,5.43,1.99,2
6.27,3.18,5.55,2.25,2
6.93,3.21,5.33,1.76,2
5.85,3.4,6.16,1.95,2
5.63,2.52,4.96,2.32,2
6.43,3.23,7.08,2.03,2
6.9,3.44,5.64,1.91,2
6.86,2.44,5.43,2.07,2
7.2,2.69,5.4,2.31,2
5.96,3.06,5.92,1.96,2
6.98,2.73,5.48,2.27,2
7.7,2.44,4.64,2.3,2
5.25,3.14,5.44,2.04,2
6.5,2.44,5.77,1.87,2
6.88,2.84,6.32,2.05,2
5.69,2.79,5.15,1.81,2
7.14,2.85,5.85,2.39,2
6.53,3.4,5.67,1.84,2
7.97,2.97,5.17,2.31,2
7.43,3.3,5.83,1.93,2
6.6,2.8,5.26,2.17,2
6.43,2.85,6.01,1.74,2
6.2,3.75,5.66,2.34,2
6.88,2.86,5.32,2.56,2
7.82,2.88,6.27,2.13,2
7.4,3.07,6.19,1.76,2
6.93,3.52,5.1,1.58,2
7.19,2.95,4.77,1.87,2
6.56,3.71,4.94,1.95,2
7.15,2.96,5.35,2.12,2
6.88,2.77,5.83,2.34,2
6.79,2.93,4.73,2.08,2
6.61,2.49,6.07,1.76,2
6.38,2.78,5.93,2.46,2
7.05,3.07,5.57,1.94,2
6.88,3.08,5.12,1.88,2
7.1,2.85,4.95,1.67,2
5.99,3.48,5.23,2.82,2
8.03,2.95,6.48,1.84,2
7.6,2.79,5.57,1.6,2
6.22,2.61,3.42,2.25,2
6.95,2.93,5.12,2.19,2
7.66,2.44,6.06,2.24,2
6.89,3.61,4.94,2.41,2
6.65,2.68,5.18,2.0,2
6.37,3.22,4.94,1.66,2
6.78,2.35,6.1,2.3,2
6.45,2.82,5.23,2.08,2
6.02,3.06,5.59,1.93,2
6.14,2.86,6.21,2.03,2
6.46,2.67,6.04,2.74,2
6.74,2.69,5.88,2.24,2
5.96,2.8,4.75,2.21,2
5.89,3.27,6.25,1.9,2
7.03,2.77,5.41,1.75,2
6.8,2.92,3.9,1.85,2
6.93,2.97,5.77,1.92,2
5.68,2.84,6.58,2.02,2
6.51,2.5,5.11,2.07,2
6.81,2.83,4.65,1.64,2
6.14,3.55,4.92,2.2,2
7.09,3.15,4.61,2.53,2
6.38,3.19,4.94,2.24,2
7.05,3.03,5.5,2.09,2
7.0,2.39,5.0,2.0,2
6.68,3.04,6.42,2.15,2
7.7,3.0,6.31,2.06,2
7.21,3.33,5.31,1.94,2
6.65,3.06,4.98,1.98,2
6.61,3.25,6.28,2.08,2
6.54,2.7,6.53,1.87,2
7.72,3.23,6.03,2.22,2
7.03,3.33,5.8,1.92,2
7.2,2.62,5.51,2.2,2
6.78,2.75,5.94,2.13,2
6.2,3.15,6.5,1.75,2
7.09,2.89,5.95,1.82,2
6.59,2.41,5.44,2.28,2
6.55,3.23,5.87,2.11,2
6.55,3.28,4.52,1.96,2
6.82,3.31,4.35,1.54,2
6.67,2.95,6.14,2.66,2
6.2,3.31,5.62,1.72,2
6.6,2.93,5.63,1.95,2
7.17,2.56,6.1,1.76,2
6.25,3.13,5.42,1.94,2
6.76,2.82,5.69,2.03,2
6.08,2.58,5.21,1.67,2
7.7,2.57,6.1,1.95,2
7.79,2.96,6.76,1.63,2
6.04,3.07,5.38,2.32,2
6.71,3.49,5.08,1.98,2
7.48,3.07,4.9,1.59,2
6.96,2.91,5.97,1.75,2
6.02,2.88,6.15,1.92,2
6.79,2.86,5.79,1.7,2
6.35,3.22,6.06,1.74,2
5.98,3.03,5.56,1.83,2
7.03,2.62,4.8,2.15,2
5.82,2.99,5.76,2.11,2
6.08,3.31,5.28,2.13,2
6.65,3.29,5.4,1.93,2
6.51,2.46,5.22,1.79,2
6.89,2.85,5.14,1.48,2
6.03,3.16,5.84,1.93,2
5.78,3.45,5.9,1.6,2
6.71,3.49,6.16,2.2,2
6.65,3.24,4.97,2.27,2
6.39,2.83,5.73,1.9,2
5.39,2.94,5.14,2.13,2
6.68,3.48,4.62,2.16,2
5.99,2.65,6.09,2.06,2
6.88,2.89,5.46,2.03,2
6.85,3.28,4.9,1.96,2
8.25,3.09,5.0,1.55,2
7.07,2.96,5.43,1.94,2
7.77,2.6,5.52,1.93,2
6.3,3.03,5.37,2.19,2
6.46,2.94,6.16,2.24,2
6.29,3.14,5.94,2.12,2
6.33,2.84,5.15,2.02,2
6.44,2.66,5.72,2.04,2
7.34,2.96,5.4,1.87,2
6.12,2.87,5.58,1.81,2
5.96,2.67,5.43,1.74,2
6.63,3.27,5.61,1.93,2
6.53,2.77,4.0,1.95,2
7.3,3.36,5.41,2.07,2
6.25,3.22,5.64,1.65,2
6.83,2.64,5.72,1.99,2
6.79,3.27,5.32,1.47,2
7.0,3.22,6.42,2.28,2
6.15,3.23,5.35,2.21,2
5.41,2.87,5.43,2.35,2
5.79,3.59,5.74,1.87,2
6.02,3.21,5.47,2.0,2
7.29,3.17,5.93,2.34,2
6.75,3.29,5.14,2.61,2
6.89,3.01,5.45,1.97,2
7.76,2.6,5.12,2.2,2
7.56,2.37,5.13,1.44,2
7.37,2.74,5.25,2.37,2
5.1,3.04,5.78,2.63,2
5.99,2.64,5.94,1.95,2
7.16,2.56,6.22,1.95,2
7.95,2.94,5.66,1.95,2
6.71,3.1,5.73,2.18,2
5.03,2.89,5.4,1.77,2
7.31,3.04,5.73,2.07,2
5.85,2.88,5.07,2.2,2
6.51,2.56,5.92,1.84,2
6.02,2.49,5.47,2.03,2
6.37,2.9,5.32,1.57,2
7.23,3.2,5.0,1.63,2
6.48,3.17,6.11,2.09,2
6.89,2.54,5.85,2.49,2
6.85,2.98,4.98,2.38,2
6.08,2.79,6.18,1.85,2
7.07,2.86,4.77,2.61,2
6.56,3.24,5.87,2.26,2
6.64,2.49,5.13,2.12,2
6.18,2.94,5.34,2.46,2
5.65,2.57,6.37,1.96,2
6.45,2.54,6.09,2.14,2
5.76,2.82,6.61,1.88,2
6.59,3.15,5.73,1.99,2
6.4,3.55,5.15,2.32,2
6.31,2.75,7.13,2.16,2
5.89,2.93,4.64,1.64,2
5.71,2.73,5.53,1.81,2
6.88,3.32,5.15,2.02,2
6.28,3.31,5.72,1.93,2
6.02,2.71,6.21,2.18,2
6.79,2.75,6.61,1.66,2
6.48,2.95,5.02,2.28,2
6.62,3.77,5.52,2.07,2
7.64,2.89,5.59,2.12,2
6.88,2.76,5.88,1.84,2
6.07,3.1,5.64,2.52,2
6.37,2.97,5.99,1.91,2
6.76,3.04,5.1,2.12,2
6.25,2.69,5.53,1.89,2
6.6,2.79,5.22,2.45,2
6.45,2.54,5.69,2.39,2
5.98,2.9,5.34,1.54,2
6.22,2.83,5.74,2.42,2
6.92,2.93,5.93,1.88,2
6.91,3.17,4.98,1.91,2
5.65,3.83,5.46,2.2,2
6.53,2.5,6.26,1.54,2
6.28,3.18,5.96,1.82,2
7.4,3.46,5.7,2.36,2
7.55,2.97,6.11,1.91,2
6.58,2.76,5.6,2.03,2
6.25,3.61,5.34,2.34,2
6.71,3.08,4.93,2.12,2
6.71,3.07,6.3,2.14,2
5.94,3.39,5.29,1.86,2
6.43,3.36,5.14,2.04,2
5.94,3.06,5.15,1.99,2
6.09,3.0,5.24,2.33,2
5.84,2.81,5.1,1.99,2
6.63,2.6,4.92,1.85,2
8.03,2.94,4.87,2.38,2
7.17,2.59,5.35,1.57,2
6.37,2.25,5.49,1.69,2
7.04,2.68,5.91,2.53,2
7.3,2.77,6.03,2.41,2
7.44,3.23,4.4,1.98,2
7.06,2.84,5.64,1.95,2
6.41,2.72,6.09,1.74,2
6.64,3.36,5.14,1.88,2
5.42,3.47,5.41,2.14,2
6.68,2.85,5.6,1.9,2
6.28,2.82,5.03,1.71,2
6.19,3.13,5.17,1.86,2
7.04,3.45,4.93,2.14,2
6.73,3.07,5.59,1.99,2
7.18,2.84,5.76,1.88,2
7.29,3.04,5.31,2.09,2
6.14,3.1,5.0,2.36,2
7.05,3.32,5.99,1.87,2
6.12,2.94,4.73,2.4,2
7.6,3.67,5.53,1.52,2
6.26,2.59,5.3,2.14,2
6.79,2.68,5.47,2.06,2
7.47,3.2,5.36,2.25,2
6.81,3.05,5.46,1.72,2
7.03,2.81,6.28,1.83,2
6.66,2.79,5.65,1.27,2
6.98,3.31,5.14,2.2,2
7.22,2.74,6.26,1.77,2
6.62,2.87,4.69,2.03,2
6.1,3.37,5.46,1.64,2
6.84,3.08,5.0,1.52,2
7.02,3.19,5.53,2.75,2
6.2,3.59,5.55,1.73,2
5.51,2.92,5.71,2.0,2
6.36,3.01,5.78,1.85,2
6.82,3.0,4.7,2.37,2
6.96,3.01,6.38,2.28,2
5.61,2.9,5.24,2.12,2
6.39,3.13,5.15,1.57,2
6.36,3.88,4.64,2.18,2
7.02,2.71,5.46,1.99,2
5.98,3.21,6.5,2.18,2
6.06,2.55,6.4,2.24,2
6.2,3.18,5.37,2.02,2
7.97,3.26,5.51,1.88,2
6.87,3.21,5.32,1.68,2
7.1,3.65,5.02,1.86,2
6.58,2.86,5.01,1.93,2
8.48,2.72,5.9,2.43,2
5.4,3.54,5.63,1.93,2
5.39,3.34,4.46,2.4,2
7.39,2.77,5.86,2.38,2
6.8,2.81,6.16,2.42,2
5.42,3.09,5.15,2.16,2
7.17,3.01,5.18,1.8,2
6.04,2.9,5.27,2.41,2
7.69,2.78,5.14,2.08,2
6.68,2.82,5.4,1.99,2
7.1,3.52,5.59,1.72,2
6.13,2.91,5.79,1.91,2
6.18,2.97,5.81,1.55,2
6.24,3.26,5.95,2.03,2
6.09,2.82,6.33,1.86,2
6.8,2.77,5.63,1.97,2
5.57,3.24,5.31,2.16,2
7.13,3.02,5.36,1.97,2
6.18,3.21,6.32,2.12,2
7.18,2.38,5.17,2.26,2
7.35,3.45,6.42,1.82,2
6.32,3.26,6.37,2.1,2
6.39,2.7,4.8,1.93,2
6.44,3.15,6.22,1.86,2
6.84,2.82,5.23,2.47,2
5.61,3.09,5.76,2.18,2
5.6,3.11,4.61,1.83,2
6.51,2.85,5.39,1.48,2
6.57,2.92,4.96,1.78,2
5.81,2.54,5.4,1.59,2
7.54,3.39,5.28,1.66,2
6.1,3.34,6.95,1.53,2
5.95,3.12,5.15,2.24,2
5.3,2.54,4.75,2.43,2
6.43,3.13,5.35,1.94,2
6.47,2.77,4.4,2.24,2
6.23,3.03,6.21,2.0,2
5.05,3.44,5.71,1.77,2
6.6,3.4,6.09,2.03,2
6.5,3.04,5.25,1.71,2
5.91,2.64,5.47,2.02,2
6.6,2.32,5.28,2.07,2
5.69,3.42,5.61,1.87,2
6.69,3.0,5.73,2.17,2
6.87,2.79,5.81,2.29,2
5.89,2.29,5.24,2.27,2
6.59,2.36,5.81,1.86,2
7.53,2.38,4.76,2.15,2
5.46,3.42,5.75,2.03,2
6.31,3.3,5.01,2.42,2
5.97,3.01,5.0,2.07,2
6.52,3.03,5.32,1.88,2
6.52,3.58,4.98,1.58,2
7.09,3.09,6.09,1.44,2
6.28,3.17,5.55,1.84,2
6.35,3.24,4.97,2.07,2
6.75,3.05,5.6,2.33,2
6.63,2.75,4.28,1.88,2
6.1,2.4,5.14,1.87,2
6.25,2.89,5.83,2.01,2
8.09,2.91,5.39,1.93,2
6.42,2.58,6.3,1.62,2
6.24,2.26,4.64,1.82,2
7.07,3.42,4.96,2.36,2
6.48,2.71,4.93,1.96,2
6.98,3.48,5.19,1.85,2
7.56,2.74,5.03,1.84,2
6.37,2.27,6.9,2.32,2
6.44,3.19,6.15,2.57,2
7.63,3.26,5.34,2.32,2
6.86,3.53,5.44,1.55,2
5.6,2.9,5.44,2.27,2
6.0,2.87,4.74,2.21,2
6.79,2.93,5.4,2.01,2
6.56,3.36,5.71,1.82,2
5.67,2.67,6.61,2.38,2
6.72,3.4,5.07,2.08,2
5.56,2.9,5.45,2.24,2
6.49,3.03,5.83,1.91,2
6.3,2.56,5.27,1.99,2
7.82,2.75,6.46,1.7,2
5.67,3.2,5.05,1.92,2
6.39,3.0,6.56,2.27,2
7.3,2.61,4.57,2.38,2
7.37,2.48,5.08,2.02,2
6.86,3.24,6.19,1.83,2
7.0,2.48,6.35,1.96,2
7.67,2.66,6.05,2.04,2
7.22,3.06,4.96,2.21,2
7.45,3.03,4.91,2.3,2
7.74,3.31,4.91,1.27,2
6.27,2.92,5.35,2.36,2
6.22,2.71,5.46,2.15,2
6.59,2.86,5.34,1.9,2
7.04,2.76,5.5,2.65,2
7.35,3.22,5.59,2.57,2
6.39,2.38,5.51,2.17,2
5.94,3.3,5.58,2.22,2
7.25,3.0,5.56,2.12,2
6.95,3.48,5.67,2.28,2
5.25,2.47,5.37,1.91,2
7.39,2.83,5.24,2.08,2
5.42,3.02,5.68,1.8,2
7.28,3.42,5.72,2.11,2
6.5,3.2,4.44,2.41,2
6.73,2.69,4.89,2.03,2
6.72,2.91,6.05,1.98,2
6.5,3.14,5.75,1.9,2
7.07,2.52,5.54,1.44,2
6.49,3.15,5.48,2.15,2
6.97,3.35,5.27,2.33,2
6.7,3.44,5.94,1.9,2
7.34,2.67,5.72,1.93,2
6.56,3.23,4.77,1.89,2
6.89,3.22,5.71,2.11,2
6.9,3.14,6.01,2.38,2
7.86,3.37,5.24,1.95,2
6.16,3.24,4.94,2.02,2
6.16,2.52,5.69,1.83,2
6.45,3.08,5.24,2.38,2
6.72,3.25,4.53,1.93,2
7.22,2.99,6.21,1.51,2
6.64,2.89,5.06,1.98,2
7.78,2.93,6.36,1.89,2
6.0,2.44,5.62,1.69,2
6.15,2.26,5.73,1.68,2
5.47,2.98,4.93,2.1,2
6.38,3.11,5.91,2.26,2
6.51,2.91,5.31,1.93,2
5.61,2.52,6.35,1.7,2
6.74,2.64,6.12,2.22,2
6.35,2.98,5.07,2.12,2
6.32,3.15,5.43,2.04,2
5.88,2.87,5.2,2.16,2
7.13,2.79,5.99,2.19,2
6.59,2.89,5.81,2.03,2
6.8,3.01,4.79,1.94,2
5.77,2.95,6.34,1.99,2
6.33,2.85,4.52,2.33,2
6.14,3.26,5.76,2.09,2
6.85,3.28,5.74,1.87,2
6.44,2.65,5.3,1.94,2
7.47,3.43,5.28,1.91,2
7.29,2.92,5.29,2.04,2
7.55,3.19,5.81,1.82,2
7.03,3.12,5.46,2.46,2
6.59,2.42,5.5,2.03,2
6.41,2.95,5.53,1.73,2
7.12,2.35,5.47,2.18,2
7.1,2.49,6.0,1.66,2
6.27,3.24,5.06,1.98,2
6.78,2.91,6.05,1.63,2
6.28,2.75,4.41,1.95,2
6.29,3.1,5.89,1.99,2
6.53,2.58,5.82,2.45,2
6.56,2.88,5.53,2.41,2
6.58,3.18,5.64,1.98,2
5.52,3.3,5.22,2.26,2
7.52,3.91,5.75,1.91,2
6.89,3.1,5.73,1.91,2
6.22,2.63,5.78,2.44,2
7.27,2.97,5.57,1.88,2
6.98,2.94,4.97,1.95,2
6.45,3.14,5.3,1.96,2
7.01,3.09,5.74,1.8,2
6.55,2.83,5.86,2.24,2
6.33,3.1,5.73,1.95,2
6.91,2.89,5.22,2.24,2
6.94,2.97,5.65,2.29,2
6.44,3.06,5.16,2.28,2
6.31,2.92,5.21,2.05,2
7.17,2.47,5.35,1.72,2
6.58,2.52,5.88,1.55,2
7.51,2.88,4.64,1.63,2
6.01,3.01,5.84,2.61,2
7.55,2.66,4.64,1.6,2
7.06,3.09,5.3,1.83,2
5.02,3.12,5.74,1.76,2
6.37,2.6,6.34,2.46,2
5.22,2.77,4.96,2.0,2
7.56,3.17,5.52,2.09,2
7.11,3.21,5.32,2.16,2
5.59,3.13,5.46,1.94,2
6.3,2.65,5.58,1.66,2
7.62,3.18,5.35,2.13,2
6.41,2.99,6.65,1.85,2
5.67,3.45,6.31,1.79,2
6.68,3.35,5.58,2.44,2
5.46,2.46,5.57,2.19,2
6.79,3.05,5.53,2.0,2
6.95,2.75,5.99,1.94,2
6.96,2.82,5.42,2.46,2
5.71,2.62,5.31,2.13,2
6.27,2.31,3.92,2.23,2
6.09,2.46,4.87,1.79,2
6.37,3.34,5.61,2.31,2
7.32,2.84,5.84,1.75,2
7.5,2.98,5.51,2.45,2
6.68,3.63,5.24,2.29,2
8.05,2.78,5.72,1.62,2
7.62,3.75,5.37,1.67,2
5.67,2.93,4.69,1.87,2
6.41,3.13,5.79,1.67,2
6.07,3.28,5.46,2.41,2
5.89,2.7,6.36,2.14,2
6.13,3.01,5.75,1.4,2
7.34,3.05,5.77,1.69,2
5.97,3.29,5.29,2.25,2
7.17,3.24,6.24,1.37,2
7.51,2.9,5.48,2.27,2
6.5,3.04,5.62,2.25,2
6.76,3.21,5.29,1.95,2
6.08,2.84,5.62,1.84,2
6.83,3.1,5.76,2.03,2
6.29,3.08,5.0,2.18,2
7.02,2.81,5.27,2.3,2
6.66,3.59,4.95,1.82,2
7.36,3.45,5.41,2.23,2
6.57,3.27,5.46,1.86,2
7.1,2.93,4.88,1.68,2
7.17,2.94,5.38,2.02,2
7.07,3.84,5.9,1.56,2
7.06,2.92,6.69,2.2,2
6.44,2.75,5.07,1.8,2
6.77,2.85,5.35,1.69,2
6.76,3.03,5.46,1.83,2
5.52,3.11,5.22,1.93,2
6.8,2.99,4.94,2.57,2
7.16,3.0,5.6,1.9,2
6.36,3.25,6.09,2.39,2
6.65,3.03,5.51,2.3,2
6.38,2.8,5.08,2.17,2
7.0,3.21,5.24,1.99,2
6.77,3.32,5.99,2.17,2
6.11,2.66,5.53,1.9,2
6.76,3.72,4.92,1.64,2
5.9,3.38,5.17,1.85,2
7.06,2.53,6.0,2.31,2
6.94,2.68,6.64,2.0,2
6.88,3.05,5.8,1.74,2
7.1,3.07,5.28,2.12,2
6.21,3.11,6.46,1.3,2
6.18,3.1,5.21,2.47,2
7.02,3.14,6.32,2.5,2
7.36,3.41,6.13,1.88,2
6.94,2.72,5.64,1.86,2
6.04,2.99,5.89,2.12,2
7.45,3.21,5.86,1.98,2
5.95,3.57,5.53,2.21,2
7.37,2.89,5.05,1.4,2
5.06,2.74,5.41,1.81,2
5.13,2.61,6.1,1.79,2
6.79,3.15,6.45,1.92,2
8.07,3.33,5.22,2.36,2
6.35,2.84,5.6,1.97,2
6.69,3.22,4.99,2.09,2
5.25,2.96,5.98,1.66,2
6.39,2.94,4.75,1.52,2
6.72,3.32,5.19,2.3,2
6.84,3.36,5.46,1.67,2
6.63,3.47,5.75,2.01,2
7.55,3.21,5.71,2.33,2
6.54,3.31,4.57,2.14,2
6.61,3.2,5.53,1.93,2
6.78,2.79,5.62,2.05,2
5.57,2.46,4.7,2.14,2
6.29,2.68,6.39,1.98,2
7.06,3.02,6.09,2.02,2
6.12,3.1,5.83,2.07,2
6.11,2.74,5.82,2.16,2
6.52,2.53,5.15,2.29,2
6.93,2.88,4.78,1.87,2
6.46,2.78,5.69,2.11,2
6.84,3.68,6.13,2.13,2
6.67,3.39,5.77,2.7,2
5.76,3.07,5.05,2.19,2
6.97,3.14,5.6,1.9,2
6.45,2.9,5.96,2.1,2
6.18,3.17,5.23,2.08,2
6.55,2.85,5.56,1.73,2
7.46,2.65,5.8,1.39,2
7.04,2.89,6.28,1.58,2
4.81,3.13,5.51,1.97,2
7.02,2.95,5.1,1.43,2
7.07,2.82,5.02,1.88,2
7.35,3.16,5.4,1.99,2
7.5,2.89,5.25,1.34,2
6.41,3.38,6.03,1.9,2
6.46,3.21,5.66,2.64,2
6.9,3.41,5.39,1.98,2
6.64,2.71,5.7,2.69,2
6.78,2.8,6.71,1.77,2
6.65,3.22,6.03,2.19,2
7.46,2.49,6.57,2.17,2
7.01,2.98,4.72,1.58,2
6.91,3.37,5.43,1.89,2
6.45,2.74,6.35,2.07,2
6.82,2.92,6.36,1.74,2
7.89,2.47,5.9,1.72,2
6.02,2.83,5.46,2.21,2
7.18,2.75,5.99,2.18,2
5.36,3.01,5.2,2.33,2
5.57,2.89,6.28,1.89,2
6.17,3.05,5.35,1.9,2
7.18,3.16,5.48,1.68,2
6.55,3.24,6.72,2.01,2
6.78,2.76,5.45,1.93,2
6.48,2.78,5.08,1.37,2
7.02,3.06,5.57,1.79,2
6.4,3.4,5.32,2.02,2
6.73,3.06,5.47,2.23,2
6.34,3.04,5.41,2.28,2
5.92,2.6,5.36,1.8,2
8.27,2.54,5.75,1.95,2
6.2,2.9,5.97,1.94,2
7.74,2.56,6.11,2.21,2
5.67,3.4,5.07,1.45,2
6.39,3.15,5.18,1.85,2
4.85,2.91,5.84,2.46,2
7.16,2.98,5.92,2.3,2
5.83,3.55,5.73,2.52,2
8.04,2.79,5.36,2.26,2
6.37,2.69,5.91,1.81,2
7.95,3.33,5.98,2.28,2
7.81,3.19,5.73,1.75,2
6.91,3.06,4.66,2.35,2
6.62,2.61,6.21,2.27,2
7.03,3.05,4.92,1.86,2
7.23,2.79,5.2,2.52,2
8.04,3.18,5.33,2.08,2
6.59,3.24,5.63,2.09,2
6.21,3.02,5.18,1.78,2
6.87,2.71,5.82,1.76,2
6.28,2.46,4.89,2.09,2
7.39,3.04,6.06,2.06,2
6.57,3.51,6.16,1.68,2
6.42,3.11,6.22,2.4,2
6.09,2.55,5.39,2.31,2
7.01,3.08,5.83,1.71,2
6.55,3.35,5.76,1.99,2
7.1,2.9,5.64,1.94,2
6.66,2.91,5.75,2.04,2
5.9,2.4,5.76,2.46,2
5.68,3.02,5.02,1.95,2
6.3,2.27,5.55,1.96,2
6.29,2.72,5.1,1.59,2
6.61,3.13,6.43,1.63,2
7.68,3.03,5.59,1.71,2
7.14,2.57,4.32,1.92,2
6.29,3.27,6.23,1.98,2
6.6,3.04,5.4,1.88,2
6.68,2.98,5.52,1.98,2
5.52,3.05,4.83,1.93,2
6.6,2.55,5.75,1.6,2
6.35,2.59,5.73,1.74,2
6.56,2.99,5.09,1.7,2
5.83,2.52,5.9,1.71,2
7.0,3.08,5.32,2.44,2
6.71,3.17,6.04,1.95,2
6.14,2.76,5.74,2.2,2
7.16,3.18,6.82,1.92,2
7.69,3.33,5.78,1.94,2
6.89,3.14,5.64,1.36,2
5.8,2.97,5.37,2.24,2
6.48,3.06,5.6,2.09,2
6.41,2.9,4.53,2.25,2
7.18,3.01,6.6,2.02,2
5.98,3.44,4.79,1.8,2
6.3,3.41,5.72,2.04,2
6.54,2.86,4.89,1.93,2
6.8,2.46,5.97,2.44,2
6.57,3.43,5.84,2.18,2
5.64,3.18,5.54,2.34,2
7.85,2.73,5.73,2.12,2
5.9,3.09,5.89,1.98,2
6.3,2.49,5.47,1.88,2
6.71,3.09,5.21,2.49,2
6.27,2.67,5.79,2.41,2
6.28,3.48,5.65,2.04,2
5.9,2.67,5.4,2.25,2
7.0,2.87,6.69,2.09,2
6.77,3.08,4.89,2.23,2
6.66,2.99,5.08,1.45,2
6.41,3.21,5.33,2.08,2
6.04,2.77,5.66,2.23,2
7.27,2.97,5.12,1.91,2
6.08,3.43,5.58,1.9,2
5.43,2.97,5.52,2.01,2
6.75,2.56,5.51,2.32,2
6.87,2.73,5.09,1.93,2
7.15,2.46,5.09,1.81,2
6.4,2.85,5.93,2.02,2
6.59,2.94,4.59,2.11,2
5.65,2.98,4.95,2.44,2
6.81,3.44,5.54,1.62,2
6.51,3.16,5.38,1.54,2
6.04,2.62,4.8,2.0,2
6.05,2.56,4.99,1.84,2
7.97,3.27,6.42,1.97,2
6.65,3.2,4.49,2.14,2
5.49,3.01,5.37,1.82,2
6.8,3.0,5.54,1.84,2
7.38,2.95,5.6,1.74,2
6.7,2.85,4.96,1.98,2
6.49,3.0,4.89,2.2,2
6.33,3.17,4.96,2.65,2
6.54,2.58,6.25,1.99,2
7.08,3.28,6.19,1.99,2
6.63,2.44,4.15,2.24,2
6.27,3.36,6.33,2.35,2
6.93,2.48,4.89,1.85,2
7.18,3.21,5.44,1.47,2
6.8,2.83,6.08,1.9,2
6.4,3.52,5.24,2.02,2
6.27,2.68,5.17,2.11,2
6.92,2.58,5.85,1.89,2
6.49,2.52,5.7,2.37,2
6.93,3.36,5.24,1.56,2
6.7,2.6,5.85,2.15,2
7.14,3.44,6.84,1.59,2
6.61,2.75,5.88,1.72,2
6.52,2.7,5.69,2.45,2
5.99,3.27,5.04,1.89,2
6.02,3.13,6.16,2.18,2
5.47,2.94,5.61,2.1,2
7.5,2.82,5.76,1.81,2
5.85,3.21,5.93,1.98,2
6.02,2.69,4.22,2.27,2
6.22,3.22,6.13,2.05,2
6.86,2.81,5.79,2.25,2
6.26,3.07,6.07,1.99,2
6.88,2.63,5.21,1.79,2
8.08,3.37,4.45,2.2,2
7.18,3.18,5.36,1.69,2
7.52,3.08,4.62,1.84,2
5.82,3.07,5.25,2.36,2
6.41,2.38,5.0,2.3,2
6.83,3.32,6.51,2.2,2
7.52,3.05,4.8,1.77,2
5.38,3.38,5.27,2.71,2
5.93,3.06,5.33,2.18,2
6.13,2.99,5.23,2.23,2
6.63,2.79,5.41,2.03,2
7.52,3.29,5.16,2.48,2
6.31,3.28,6.03,2.24,2
7.09,3.73,5.77,2.15,2
6.87,2.41,5.4,1.92,2
6.66,2.44,6.4,2.07,2
6.73,2.96,6.18,2.02,2
6.21,3.03,4.87,1.92,2
6.81,2.99,5.69,1.88,2
5.52,2.35,6.27,2.35,2
5.46,3.01,5.96,1.9,2
6.64,2.38,5.26,2.42,2
6.34,2.89,5.78,1.67,2
6.66,3.32,5.04,2.06,2
6.26,3.22,6.11,1.62,2
6.82,3.29,5.46,2.13,2
5.87,3.42,5.56,2.17,2
6.76,2.9,7.03,1.72,2
7.32,2.52,6.02,1.82,2
7.2,3.07,5.3,1.28,2
5.41,2.38,6.0,1.8,2
6.06,3.48,5.21,2.43,2
6.66,2.99,5.21,1.94,2
5.94,2.66,6.25,2.51,2
6.42,3.07,5.35,1.85,2
7.14,2.66,5.89,2.23,2
5.48,2.8,5.98,1.95,2
6.11,2.85,5.41,2.26,2
7.35,2.72,5.55,1.93,2
6.14,2.69,5.55,2.36,2
6.86,3.38,5.59,1.96,2
5.94,2.81,3.98,1.95,2
6.65,2.77,5.49,1.98,2
6.0,3.36,5.42,1.62,2
7.63,2.99,5.6,1.87,2
5.62,2.5,7.04,2.21,2
6.59,2.8,6.12,2.31,2
5.27,2.99,5.77,2.33,2
5.15,2.3,5.69,2.26,2
6.75,2.81,5.64,1.82,2
5.22,3.27,6.14,2.29,2
6.94,2.89,4.84,2.19,2
6.69,2.8,4.83,1.72,2
6.66,3.07,6.54,2.14,2
5.62,2.54,6.32,1.69,2
6.75,3.43,5.42,1.98,2
7.43,3.2,5.31,1.67,2
6.65,3.27,5.62,2.02,2
7.17,2.86,4.93,1.8,2
6.12,2.34,5.62,2.21,2
7.53,3.06,6.06,2.12,2
6.48,2.96,5.63,1.92,2
6.25,3.36,4.35,1.92,2
6.14,3.11,4.94,2.13,2
5.67,2.82,5.51,2.21,2
7.81,3.0,5.08,1.61,2
6.24,2.56,4.32,2.53,2
6.83,2.75,6.07,2.13,2
6.18,2.91,5.48,1.97,2
6.63,3.03,5.95,2.09,2
6.36,2.99,6.61,1.94,2
7.03,2.61,5.52,2.02,2
6.55,3.39,6.13,1.61,2
6.58,2.89,6.64,1.98,2
6.85,3.24,5.21,1.94,2
5.94,2.6,5.92,1.8,2
7.12,2.89,5.25,1.82,2
6.61,3.06,6.51,2.28,2
5.94,2.8,5.2,1.69,2
5.57,3.16,5.59,2.4,2
6.67,2.67,5.89,1.67,2
6.52,2.64,5.79,2.05,2
5.82,2.65,5.1,1.72,2
7.11,2.91,4.76,2.13,2
6.91,3.19,5.69,2.0,2
6.46,3.06,6.74,2.44,2
6.66,3.22,4.79,1.64,2
6.43,2.86,4.53,1.58,2
5.71,2.58,5.52,2.07,2
8.4,2.87,4.55,1.65,2
5.35,3.14,4.92,2.04,2
7.39,2.99,5.96,1.93,2
6.37,2.5,5.22,1.99,2
6.28,3.03,6.13,1.68,2
6.69,3.0,5.63,2.1,2
6.11,2.96,5.21,1.87,2
6.87,2.34,4.78,2.26,2
7.09,2.75,5.09,1.24,2
5.76,2.36,5.61,1.68,2
6.36,3.3,5.43,1.79,2
7.33,2.95,5.04,1.96,2
6.64,2.81,5.7,2.09,2
6.58,2.4,5.4,1.93,2
6.87,2.58,5.49,2.23,2
6.85,3.16,4.99,1.93,2
6.63,3.19,6.46,1.84,2
6.15,2.64,5.02,2.12,2
6.74,3.19,5.84,2.59,2
5.95,2.87,5.93,2.26,2
7.12,2.81,6.32,2.57,2
6.67,2.72,5.83,1.73,2
7.76,2.9,6.28,2.46,2
7.54,2.53,5.19,2.14,2
7.07,2.04,6.25,2.2,2
6.82,2.96,4.92,1.9,2
7.5,2.97,4.82,2.33,2
6.96,3.02,5.78,1.75,2
5.98,3.32,5.59,1.78,2
5.84,3.66,5.95,2.12,2
5.83,2.32,5.59,2.08,2
6.77,2.42,6.26,2.24,2
6.34,3.48,6.08,1.76,2
5.92,2.56,5.71,2.29,2
7.33,3.0,5.68,1.81,2
5.1,3.5,1.4,0.2,0
4.9,3.0,1.4,0.2,0
4.7,3.2,1.3,0.2,0
4.6,3.1,1.5,0.2,0
5.0,3.6,1.4,0.2,0
5.4,3.9,1.7,0.4,0
4.6,3.4,1.4,0.3,0
5.0,3.4,1.5,0.2,0
4.4,2.9,1.4,0.2,0
4.9,3.1,1.5,0.1,0
5.4,3.7,1.5,0.2,0
4.8,3.4,1.6,0.2,0
4.8,3.0,1.4,0.1,0
4.3,3.0,1.1,0.1,0
5.8,4.0,1.2,0.2,0
5.7,4.4,1.5,0.4,0
5.4,3.9,1.3,0.4,0
5.1,3.5,1.4,0.3,0
5.7,3.8,1.7,0.3,0
5.1,3.8,1.5,0.3,0
5.4,3.4,1.7,0.2,0
5.1,3.7,1.5,0.4,0
4.6,3.6,1.0,0.2,0
5.1,3.3,1.7,0.5,0
4.8,3.4,1.9,0.2,0
5.0,3.0,1.6,0.2,0
5.0,3.4,1.6,0.4,0
5.2,3.5,1.5,0.2,0
5.2,3.4,1.4,0.2,0
4.7,3.2,1.6,0.2,0
4.8,3.1,1.6,0.2,0
5.4,3.4,1.5,0.4,0
5.2,4.1,1.5,0.1,0
5.5,4.2,1.4,0.2,0
4.9,3.1,1.5,0.2,0
5.0,3.2,1.2,0.2,0
5.5,3.5,1.3,0.2,0
4.9,3.6,1.4,0.1,0
4.4,3.0,1.3,0.2,0
5.1,3.4,1.5,0.2,0
5.0,3.5,1.3,0.3,0
4.5,2.3,1.3,0.3,0
4.4,3.2,1.3,0.2,0
5.0,3.5,1.6,0.6,0
5.1,3.8,1.9,0.4,0
4.8,3.0,1.4,0.3,0
5.1,3.8,1.6,0.2,0
4.6,3.2,1.4,0.2,0
5.3,3.7,1.5,0.2,0
5.0,3.3,1.4,0.2,0
7.0,3.2,4.7,1.4,1
6.4,3.2,4.5,1.5,1
6.9,3.1,4.9,1.5,1
5.5,2.3,4.0,1.3,1
6.5,2.8,4.6,1.5,1
5.7,2.8,4.5,1.3,1
6.3,3.3,4.7,1.6,1
4.9,2.4,3.3,1.0,1
6.6,2.9,4.6,1.3,1
5.2,2.7,3.9,1.4,1
5.0,2.0,3.5,1.0,1
5.9,3.0,4.2,1.5,1
6.0,2.2,4.0,1.0,1
6.1,2.9,4.7,1.4,1
5.6,2.9,3.6,1.3,1
6.7,3.1,4.4,1.4,1
5.6,3.0,4.5,1.5,1
5.8,2.7,4.1,1.0,1
6.2,2.2,4.5,1.5,1
5.6,2.5,3.9,1.1,1
5.9,3.2,4.8,1.8,1
6.1,2.8,4.0,1.3,1
6.3,2.5,4.9,1.5,1
6.1,2.8,4.7,1.2,1
6.4,2.9,4.3,1.3,1
6.6,3.0,4.4,1.4,1
6.8,2.8,4.8,1.4,1
6.7,3.0,5.0,1.7,1
6.0,2.9,4.5,1.5,1
5.7,2.6,3.5,1.0,1
5.5,2.4,3.8,1.1,1
5.5,2.4,3.7,1.0,1
5.8,2.7,3.9,1.2,1
6.0,2.7,5.1,1.6,1
5.4,3.0,4.5,1.5,1
6.0,3.4,4.5,1.6,1
6.7,3.1,4.7,1.5,1
6.3,2.3,4.4,1.3,1
5.6,3.0,4.1,1.3,1
5.5,2.5,4.0,1.3,1
5.5,2.6,4.4,1.2,1
6.1,3.0,4.6,1.4,1
5.8,2.6,4.0,1.2,1
5.0,2.3,3.3,1.0,1
5.6,2.7,4.2,1.3,1
5.7,3.0,4.2,1.2,1
5.7,2.9,4.2,1.3,1
6.2,2.9,4.3,1.3,1
5.1,2.5,3.0,1.1,1
5.7,2.8,4.1,1.3,1
6.3,3.3,6.0,2.5,2
5.8,2.7,5.1,1.9,2
7.1,3.0,5.9,2.1,2
6.3,2.9,5.6,1.8,2
6.5,3.0,5.8,2.2,2
7.6,3.0,6.6,2.1,2
4.9,2.5,4.5,1.7,2
7.3,2.9,6.3,1.8,2
6.7,2.5,5.8,1.8,2
7.2,3.6,6.1,2.5,2
6.5,3.2,5.1,2.0,2
6.4,2.7,5.3,1.9,2
6.8,3.0,5.5,2.1,2
5.7,2.5,5.0,2.0,2
5.8,2.8,5.1,2.4,2
6.4,3.2,5.3,2.3,2
6.5,3.0,5.5,1.8,2
7.7,3.8,6.7,2.2,2
7.7,2.6,6.9,2.3,2
6.0,2.2,5.0,1.5,2
6.9,3.2,5.7,2.3,2
5.6,2.8,4.9,2.0,2
7.7,2.8,6.7,2.0,2
6.3,2.7,4.9,1.8,2
6.7,3.3,5.7,2.1,2
7.2,3.2,6.0,1.8,2
6.2,2.8,4.8,1.8,2
6.1,3.0,4.9,1.8,2
6.4,2.8,5.6,2.1,2
7.2,3.0,5.8,1.6,2
7.4,2.8,6.1,1.9,2
7.9,3.8,6.4,2.0,2
6.4,2.8,5.6,2.2,2
6.3,2.8,5.1,1.5,2
6.1,2.6,5.6,1.4,2
7.7,3.0,6.1,2.3,2
6.3,3.4,5.6,2.4,2
6.4,3.1,5.5,1.8,2
6.0,3.0,4.8,1.8,2
6.9,3.1,5.4,2.1,2
6.7,3.1,5.6,2.4,2
6.9,3.1,5.1,2.3,2
5.8,2.7,5.1,1.9,2
6.8,3.2,5.9,2.3,2
6.7,3.3,5.7,2.5,2
6.7,3.0,5.2,2.3,2
6.3,2.5,5.0,1.9,2
6.5,3.0,5.2,2.0,2
6.2,3.4,5.4,2.3,2
5.9,3.0,5.1,1.8,2
